-- MariaDB dump 10.19-11.3.2-MariaDB, for Win64 (AMD64)
--
-- Host: 127.0.0.1    Database: botdata
-- ------------------------------------------------------
-- Server version	11.3.2-MariaDB

/*!40101 SET @OLD_CHARACTER_SET_CLIENT=@@CHARACTER_SET_CLIENT */;
/*!40101 SET @OLD_CHARACTER_SET_RESULTS=@@CHARACTER_SET_RESULTS */;
/*!40101 SET @OLD_COLLATION_CONNECTION=@@COLLATION_CONNECTION */;
/*!40101 SET NAMES utf8mb4 */;
/*!40103 SET @OLD_TIME_ZONE=@@TIME_ZONE */;
/*!40103 SET TIME_ZONE='+00:00' */;
/*!40014 SET @OLD_UNIQUE_CHECKS=@@UNIQUE_CHECKS, UNIQUE_CHECKS=0 */;
/*!40014 SET @OLD_FOREIGN_KEY_CHECKS=@@FOREIGN_KEY_CHECKS, FOREIGN_KEY_CHECKS=0 */;
/*!40101 SET @OLD_SQL_MODE=@@SQL_MODE, SQL_MODE='NO_AUTO_VALUE_ON_ZERO' */;
/*!40111 SET @OLD_SQL_NOTES=@@SQL_NOTES, SQL_NOTES=0 */;

--
-- Table structure for table `attachment`
--

DROP TABLE IF EXISTS `attachment`;
/*!40101 SET @saved_cs_client     = @@character_set_client */;
/*!40101 SET character_set_client = utf8 */;
CREATE TABLE `attachment` (
  `attachment_id` bigint(20) NOT NULL AUTO_INCREMENT,
  `post_id` int(11) NOT NULL,
  `attachment_type` varchar(50) DEFAULT NULL,
  `attachment_link` varchar(200) DEFAULT NULL,
  PRIMARY KEY (`attachment_id`),
  KEY `attachment_post_post_id_fk` (`post_id`),
  CONSTRAINT `attachment_post_post_id_fk` FOREIGN KEY (`post_id`) REFERENCES `post` (`post_id`) ON DELETE CASCADE ON UPDATE CASCADE
) ENGINE=InnoDB AUTO_INCREMENT=2713 DEFAULT CHARSET=utf8mb4 COLLATE=utf8mb4_general_ci;
/*!40101 SET character_set_client = @saved_cs_client */;

--
-- Dumping data for table `attachment`
--

LOCK TABLES `attachment` WRITE;
/*!40000 ALTER TABLE `attachment` DISABLE KEYS */;
INSERT INTO `attachment` (`attachment_id`, `post_id`, `attachment_type`, `attachment_link`) VALUES (2197,592,'photo','AgACAgQAAx0EYyP3GgACR0lmOX1jSrBj6o88-ri4kh6Ju69G6gACj7MxG1Bw1FHenky92fxK4AEAAwIAA3cAAzUE'),
(2198,594,'photo','AgACAgQAAx0EYyP3GgACR0xmOX1ky6vdrW1H5FTh_jM3ubKy3wACzbMxGwLszFGu1IPC_o9CzgEAAwIAA3cAAzUE'),
(2199,596,'photo','AgACAgQAAx0EYyP3GgACR09mOX1rNXFAl_TUvQS8km46tGWyvwACG7QxGzryzFEaLRsYNizlFAEAAwIAA3cAAzUE'),
(2200,598,'photo','AgACAgQAAx0EYyP3GgACR1JmOX1zOyxsqz8Pay7BiB8LG1Co1wACy7MxG7YAAcxR1CwmuivgWCkBAAMCAAN3AAM1BA'),
(2201,598,'photo','AgACAgQAAx0EYyP3GgACR1NmOX1zZe2ZtWI-WJFO9qpfKOXjDAACcbMxG0Dl1VFewGKheJSx0gEAAwIAA3cAAzUE'),
(2202,598,'photo','AgACAgQAAx0EYyP3GgACR1RmOX1z1Hp82xq65akQMa12WomP_QACVLQxG-bLzFFyeX6xHyMPfQEAAwIAA3cAAzUE'),
(2203,598,'photo','AgACAgQAAx0EYyP3GgACR1VmOX1zMpqqhlP-XdohUbEhPyj8ZwACJrQxG5dvzVFk_Ttb3Q8zHQEAAwIAA3cAAzUE'),
(2204,598,'photo','AgACAgQAAx0EYyP3GgACR1ZmOX1zaAVaduyktW_r0O093ZI65QACKbQxG9aczVFNlA8gUEw95AEAAwIAA3cAAzUE'),
(2205,598,'photo','AgACAgQAAx0EYyP3GgACR1dmOX1zJWyNG8ySUzNumOmM6Bnr0AAC-rMxG0kvzVHhWKzqGZXubwEAAwIAA3cAAzUE'),
(2206,598,'photo','AgACAgQAAx0EYyP3GgACR1hmOX1zM61X1jOyHpV4FSyJ4XOGOgACDLQxG7A7zVFMd55BOkT0OQEAAwIAA3cAAzUE'),
(2207,598,'photo','AgACAgQAAx0EYyP3GgACR1lmOX1zEQsw1SVg3FtgbAWKj58BUQACvrMxG6uO1VERdcQF3A-2yAEAAwIAA3cAAzUE'),
(2208,598,'photo','AgACAgQAAx0EYyP3GgACR1pmOX1zvxcZDDMPj7AElgvGaECEjgAC-bMxG2o3zFHbG-P2GXZXJwEAAwIAA3cAAzUE'),
(2209,599,'photo','AgACAgQAAx0EYyP3GgACR1xmOX142sByOVDWHe6EG1FtUeEjuQACB7QxGzYP1VEMSd4k3hGzCAEAAwIAA3cAAzUE'),
(2210,600,'photo','AgACAgQAAx0EYyP3GgACR15mOX15vVrc0POMyWXfOTmbvkPKlQACS7QxG1izzVGYmE94ZcEl_gEAAwIAA3cAAzUE'),
(2211,600,'photo','AgACAgQAAx0EYyP3GgACR19mOX15HLx0ZgABJr7m0IGTlDudRkQAArmzMRvdXtRRBUFFd-KwMZEBAAMCAAN5AAM1BA'),
(2212,600,'photo','AgACAgQAAx0EYyP3GgACR2BmOX1556_WtDyTriq8SwlM1wLTOwACl7QxG8J6zFGcdqNzQ-nG9wEAAwIAA3kAAzUE'),
(2213,600,'photo','AgACAgQAAx0EYyP3GgACR2FmOX157g8f7V9_eVcGSZ8Ki08xuQACBbQxG6uyzFE0Q8QcoxGNSwEAAwIAA3kAAzUE'),
(2214,600,'photo','AgACAgQAAx0EYyP3GgACR2JmOX15sLZszBmXOMYAAa-MhE7EHbQAApS0MRuAGM1ReJxJL4mGTLQBAAMCAAN5AAM1BA'),
(2215,600,'photo','AgACAgQAAx0EYyP3GgACR2NmOX15vr2VCGEqHdwLBIosDB_qrwAC07MxG8zazVGJ3hS3FVbVCwEAAwIAA3kAAzUE'),
(2216,600,'photo','AgACAgQAAx0EYyP3GgACR2RmOX15qDKlR-vFaNx10YzhEt02QAACvLMxG9zPzVHA1bu2E5GohQEAAwIAA3kAAzUE'),
(2217,600,'photo','AgACAgQAAx0EYyP3GgACR2VmOX15MGBhkQnDEFwCE5twoFT9twACGrQxG2uEzFEiN9tINSxefQEAAwIAA3kAAzUE'),
(2218,600,'photo','AgACAgQAAx0EYyP3GgACR2ZmOX15McdYkYVbM397MOg_wuZwfwACnbMxG9ib1VEIm2DkNeHewgEAAwIAA3kAAzUE'),
(2219,600,'photo','AgACAgQAAx0EYyP3GgACR2dmOX158LppICqEIR7dUmiMKTo90gACHLQxG4sizFE-M9LrTDomvwEAAwIAA3kAAzUE'),
(2220,602,'photo','AgACAgQAAx0EYyP3GgACR2pmOX2AVCZdgr3yzWi1710-7FsGrQACubMxGw9dzVF8sUWPJF0fAAEBAAMCAAN5AAM1BA'),
(2221,603,'photo','AgACAgQAAx0EYyP3GgACR2xmOX2BHSfv5CUgK95ZsCm8bv95VgACp7MxG-fxzFHJeDemGQaK6wEAAwIAA3cAAzUE'),
(2222,607,'photo','AgACAgQAAx0EYyP3GgACSuRmPkdDZkCSK_NLkt6sYkevzCDkywACh7MxGysy9VHfWko-b_bcwAEAAwIAA3gAAzUE'),
(2223,608,'photo','AgACAgQAAx0EYyP3GgACSuZmPkdDCjVU5sLjX9SJu4u5Pvqq4wACJbQxGye87FGcMiT6lvCysAEAAwIAA3gAAzUE'),
(2224,609,'photo','AgACAgQAAx0EYyP3GgACSuhmPkdJw-56TtCcO6MOhJEjUCjJmwACmLMxGyxP9FFs_e7ca29AQAEAAwIAA3kAAzUE'),
(2225,610,'photo','AgACAgQAAx0EYyP3GgACSupmPkdKhr8oVEolQIFpWE_tEXWk3gACNLMxG_B7_VGewgABblu5VYEBAAMCAAN4AAM1BA'),
(2226,611,'photo','AgACAgQAAx0EYyP3GgACSuxmPkdO-A3qjIChcPucCcYfa7eugwAChrMxG2nv9VHwsSkxMhbZMgEAAwIAA3gAAzUE'),
(2227,612,'photo','AgACAgQAAx0EYyP3GgACSu5mPkdPf_Wya2uQfGaFVnL83gKtWQACArQxG4te9VGVCZN4JIcBIgEAAwIAA3cAAzUE'),
(2228,614,'photo','AgACAgQAAx0EYyP3GgACSvFmPkdURKGXLW9i4vWuvyt689xQ1gAC77MxG2mR_FHVWTrKtHpOZwEAAwIAA3cAAzUE'),
(2229,615,'photo','AgACAgQAAx0EYyP3GgACSvNmPkdWCkeHaWXcq916npEO_IgnegACK7QxG4dY9VG-5KmjeVGBtwEAAwIAA3cAAzUE'),
(2230,617,'photo','AgACAgQAAx0EYyP3GgACSvZmPkeCkUqPq4xJO0Hj0OMNI_niQQACe7MxG2BE_VEOJBbK5ZUqLAEAAwIAA3cAAzUE'),
(2231,620,'photo','AgACAgQAAx0EYyP3GgACSvpmPkeHvTR-aBKOem2pOXQyBWa3SAACXbQxG9cH9FE3OzT0OlEzrQEAAwIAA3cAAzUE'),
(2232,621,'photo','AgACAgQAAx0EYyP3GgACSvxmPkeQ1VKfgkkqlDrWDaseVa_NBAACC7MxG7Jm_VEYMex48F6XnQEAAwIAA3cAAzUE'),
(2233,621,'photo','AgACAgQAAx0EYyP3GgACSv1mPkeQGsFj7oYeO-aKRnznP1kCqgACfbMxGyKm9VFhww8dof_jLgEAAwIAA3cAAzUE'),
(2234,621,'photo','AgACAgQAAx0EYyP3GgACSv5mPkeQXtpc7ith_SbP0IqzF7U9UAAC-bMxG-HK9FHzDYwwT6aQjQEAAwIAA3cAAzUE'),
(2235,621,'photo','AgACAgQAAx0EYyP3GgACSv9mPkeQC7dulM_O3i4TP7zLEBEp0AACDrMxG-Od7VEUa7jBXVEi8AEAAwIAA3cAAzUE'),
(2236,621,'photo','AgACAgQAAx0EYyP3GgACSwABZj5HkIIIHAmsAsfez6fSp3Ogz-8AAge0MRs1-PVRFozJow37wk8BAAMCAAN3AAM1BA'),
(2237,621,'photo','AgACAgQAAx0EYyP3GgACSwFmPkeQ1tJ7nRPgUtdi5O5HUd_yDQACh7MxG0pO9FF88xI9FaEvuwEAAwIAA3cAAzUE'),
(2238,621,'photo','AgACAgQAAx0EYyP3GgACSwJmPkeQlMkkGnDHNnVrPL_jtafy3AACYrMxG6JQ9FEW_8XCDtFkTwEAAwIAA3cAAzUE'),
(2239,621,'photo','AgACAgQAAx0EYyP3GgACSwNmPkeQmHbkMkUue7M0wTshJj2c9gACdbMxGxjn9FEagKJY93yJxQEAAwIAA3cAAzUE'),
(2240,621,'photo','AgACAgQAAx0EYyP3GgACSwRmPkeQ4M8i1nF4pxDvwOJYwFDG6QACorMxG8Yk9FFw9Wn7vmhxNwEAAwIAA3cAAzUE'),
(2241,622,'photo','AgACAgQAAx0EYyP3GgACSwZmPkeXJKflC_3uMD0hMXSPn-JdYQACVbMxG5cW5FFxH7TmPSn0XQEAAwIAA3kAAzUE'),
(2242,623,'photo','AgACAgQAAx0EYyP3GgACSwhmPkeXb6Qs28jJ1iMz1tpExQNRPgACdrMxG0NO5FG9MPQzWQEsxAEAAwIAA3kAAzUE'),
(2243,623,'photo','AgACAgQAAx0EYyP3GgACSwlmPkeX3uiZ8qmNMLanuY-wTKqtngACkbMxG5US5FEiBXx96alNTgEAAwIAA3cAAzUE'),
(2244,623,'photo','AgACAgQAAx0EYyP3GgACSwpmPkeXWOO6PmMxGUai1RrPYBZBLQACs7MxG-A_5FF5vhUp9rwpTAEAAwIAA3cAAzUE'),
(2245,623,'photo','AgACAgQAAx0EYyP3GgACSwtmPkeXvAYm82s5Pr5bdOlCX6DYOQAC_rMxG0Xd3VFMT7ebfcwLvgEAAwIAA3cAAzUE'),
(2246,623,'photo','AgACAgQAAx0EYyP3GgACSwxmPkeXAehGlzEzO7iUef9oN74etQACKrMxG3T35VFLz3ns_yu5jQEAAwIAA3cAAzUE'),
(2247,624,'photo','AgACAgQAAx0EYyP3GgACSw5mPkecU3m1SlOS9PYDb0tz8aCsCgAC2LMxG_DG3VFs0JK4MPLW7gEAAwIAA3cAAzUE'),
(2248,625,'photo','AgACAgQAAx0EYyP3GgACSxBmPkfAu1xKLo8Q1kGLM9BYP6hldwACQ7MxGxq55FEHZrycfZHmowEAAwIAA3cAAzUE'),
(2249,626,'photo','AgACAgQAAx0EYyP3GgACSxJmPkfBb2N8Y_VQQoy5KaDcoT19sgACdbMxG8iH5VEdcebkpCpuSAEAAwIAA3cAAzUE'),
(2250,627,'photo','AgACAgQAAx0EYyP3GgACSxRmPkfEIzX5O01xX3aUgiVN2StsPgACFLQxG4BO3FG1TgzVfxsYLwEAAwIAA3cAAzUE'),
(2251,628,'photo','AgACAgQAAx0EYyP3GgACSxZmPkfFB5-Xh8gipO0ZcAgLaVNL9gACk7MxG2Kt9FHR_W0KrKG11gEAAwIAA3cAAzUE'),
(2252,629,'photo','AgACAgQAAx0EYyP3GgACSxhmPkfHYG_2P95jGOnNJmNb5z2m7AAC8bMxGwhR9FHxUUSahayl0AEAAwIAA3kAAzUE'),
(2253,630,'photo','AgACAgQAAx0EYyP3GgACSxpmPkfUVAYih60B31yErsJMe4qHdQACIbQxGw7o9VHsISx3XeAuagEAAwIAA3cAAzUE'),
(2254,630,'photo','AgACAgQAAx0EYyP3GgACSxtmPkfUV3GdxKALmnMpvPpQPuRWcAACtLMxG8dF9VGeML1VXOf4awEAAwIAA3cAAzUE'),
(2255,630,'photo','AgACAgQAAx0EYyP3GgACSxxmPkfUASbKM4ewjJzdwn13X7Jy4AACa7QxG84Z9VFucY2ZEpgjQAEAAwIAA3cAAzUE'),
(2256,630,'photo','AgACAgQAAx0EYyP3GgACSx1mPkfU5ss9k1R4GpZkcjkxaAdH8QACxLMxG3U99VFLsNb8-_-D0gEAAwIAA3cAAzUE'),
(2257,630,'photo','AgACAgQAAx0EYyP3GgACSx5mPkfUeBIRQ4eIl3_DVRsYG3EjOgACwLMxG9vR_FH98X2Qv9rZDAEAAwIAA3cAAzUE'),
(2258,630,'photo','AgACAgQAAx0EYyP3GgACSx9mPkfUxcLYDMDdKUV8zKi1pPEe5QACj7MxG6w19FEa_TTlCdU7wAEAAwIAA3cAAzUE'),
(2259,630,'photo','AgACAgQAAx0EYyP3GgACSyBmPkfUVAaxiR20iNmInXEKzfU1PAAC7rMxG8VG9VEUP5Lrjo4zNQEAAwIAA3cAAzUE'),
(2260,630,'photo','AgACAgQAAx0EYyP3GgACSyFmPkfULmAGVHZbUhUu7VvlX7ymdAACrbMxG8dN9FFlevy_PkHbrgEAAwIAA3cAAzUE'),
(2261,630,'photo','AgACAgQAAx0EYyP3GgACSyJmPkfUOJVKa4_PRnT4yuaAx4UykgACU7MxG0t6_FGOnhVETd0NCgEAAwIAA3cAAzUE'),
(2262,631,'photo','AgACAgQAAx0EYyP3GgACSyRmPkf-rdLNPmgYWmkosjgOFdlT5wAC9rMxG30i9FHxrZBb3xm4wQEAAwIAA3cAAzUE'),
(2263,634,'photo','AgACAgQAAx0EYyP3GgACSyhmPkf_u2_7TY_gbSn-vXlSbSssGQAC3bMxG6np9VHAwoVCmT93IAEAAwIAA3cAAzUE'),
(2264,635,'photo','AgACAgQAAx0EYyP3GgACSypmPkgDYXeUC5-_IM0ym0OwKPM_ZAACRrMxGySJ1FFjIh0eSHTLXQEAAwIAA3cAAzUE'),
(2265,636,'photo','AgACAgQAAx0EYyP3GgACSyxmPkgDBpkrW_KV_X-DiQgON6ItDAACLrQxGx1q1FEHTCExgheC1wEAAwIAA3cAAzUE'),
(2270,651,'photo','AgACAgQAAx0EYyP3GgACS1dmPkhEIbuMdYA5QW8zwU-rHBBapgAClLMxG8Cm9VFfU3DcobVy9AEAAwIAA3kAAzUE'),
(2271,653,'photo','AgACAgQAAx0EYyP3GgACS1pmPkhLIHtOjc8552tuT-viQw0xzgACMLMxG6yk9VHCRt55LTyK9QEAAwIAA3kAAzUE'),
(2272,654,'photo','AgACAgQAAx0EYyP3GgACS1xmPkhL26k_Xew8PwW_Gxz5BuDKUwACT7MxGzwAAfRR2CKr2hwhpB4BAAMCAAN5AAM1BA'),
(2273,655,'photo','AgACAgQAAx0EYyP3GgACS15mPkhLtLqEgKFa0oqLS7GaCmZMOAACZrQxGyUT9VGEaw4QCLTgKAEAAwIAA3kAAzUE'),
(2274,656,'photo','AgACAgQAAx0EYyP3GgACS2BmPkh4zlFzemwTAR7EyN2zlBdE7gACOrMxG9599FF6NDcekVxlDwEAAwIAA3kAAzUE'),
(2275,657,'photo','AgACAgQAAx0EYyP3GgACS2JmPkh4-0mUP8U3aRLBh0Od77YdBwACPbMxG6gE9VEuOo-9Qhwl_AEAAwIAA3cAAzUE'),
(2276,659,'photo','AgACAgQAAx0EYyP3GgACS2VmPkh8FC7su4gUMgkn_0QcbuTwKAACw7MxGwn37VHerFwlG7txrwEAAwIAA3kAAzUE'),
(2277,660,'photo','AgACAgQAAx0EYyP3GgACS2dmPkh8xDyJ7Xdhe1N_CfCY6p6WCgACprMxG0Lm7VGsP30OkqIcKwEAAwIAA3kAAzUE'),
(2278,661,'photo','AgACAgQAAx0EYyP3GgACS2lmPkiCHRYe-eC0XsdTN1K2Io0KKwACC7QxG57R9VEqg2t3xHsqZAEAAwIAA3kAAzUE'),
(2279,663,'photo','AgACAgQAAx0EYyP3GgACS2xmPkiEsDOpPzJcbT2IrgpzAAH25gwAAu-zMRsI3vVRm3ZQfT6tFPcBAAMCAAN5AAM1BA'),
(2280,664,'photo','AgACAgQAAx0EYyP3GgACS25mPkiIe8VH0GhbZhenNw5ZJOSn3QACOrQxG49M9FFHeCxvU6M0gwEAAwIAA3gAAzUE'),
(2281,665,'photo','AgACAgQAAx0EYyP3GgACS3BmPkiJ-Q7Z2RqAiUfCJLoY1oS1SgACqLMxG0Lz9VGRU2XDcx2-rAEAAwIAA3gAAzUE'),
(2282,668,'photo','AgACAgQAAx0EYyP3GgACS3RmPki1TMRFzMRR_rwbAXCvJQM7hgAChbMxGzMt9FFGfYKamWGwUgEAAwIAA3kAAzUE'),
(2283,670,'photo','AgACAgQAAx0EYyP3GgACS3dmPki2pvPTVFEKShzByhNhJZTQaAACirMxG7Rl9VGZZqy60AABV1cBAAMCAAN5AAM1BA'),
(2284,671,'photo','AgACAgQAAx0EYyP3GgACS3lmPki7HjpJSxERJKMBqj_Ckj8l3AACYbMxG_g__FEo4eQwMLW1BgEAAwIAA3gAAzUE'),
(2285,671,'photo','AgACAgQAAx0EYyP3GgACS3pmPki73sGfhlmbIjaUxaKmIen2kgACibMxG5Vg9FEIU3-GHRNDqwEAAwIAA3gAAzUE'),
(2286,671,'photo','AgACAgQAAx0EYyP3GgACS3tmPki7D3vKA0idVD72XmrhfTk5UQAChbMxG2Yp_FE16SfeAAHYP4wBAAMCAAN4AAM1BA'),
(2287,672,'photo','AgACAgQAAx0EYyP3GgACS31mPkjA3qtm6Cxa0qzJc6qi2sNE2AACfrMxG2kE9FF-T-qAsjF4NwEAAwIAA3kAAzUE'),
(2288,673,'photo','AgACAgQAAx0EYyP3GgACS39mPkjM2FoxMxE0E0dNBGOXzxFPqQACcbMxG-wJ9FGxcVYJ1uAgrAEAAwIAA3kAAzUE'),
(2289,673,'photo','AgACAgQAAx0EYyP3GgACS4BmPkjM1MYchd733lZSLhKRgNigjAACYbMxG6dS9VGIxPH0Q-fkcQEAAwIAA3kAAzUE'),
(2290,673,'photo','AgACAgQAAx0EYyP3GgACS4FmPkjMAqtJ_jJjbVTqwHzO0H3ACAACSrMxG7fA9FEnjQNwWApdtgEAAwIAA3kAAzUE'),
(2291,673,'photo','AgACAgQAAx0EYyP3GgACS4JmPkjM6CE8tz5u-Q374AlppGRm-gACnrMxGyHt9FGixPWbDBhbkQEAAwIAA3kAAzUE'),
(2292,673,'photo','AgACAgQAAx0EYyP3GgACS4NmPkjMmDKhbAJx8BwPtyn65OWFCgAC3rMxG4WU9FGVgcqYJyCSgQEAAwIAA3kAAzUE'),
(2293,673,'photo','AgACAgQAAx0EYyP3GgACS4RmPkjMrdOPtzvKipQBN703niu97wACbLQxG-NU9FEGDPEln3gRCQEAAwIAA3kAAzUE'),
(2294,673,'photo','AgACAgQAAx0EYyP3GgACS4VmPkjMi7y9wcze0fvJ042prNvtxwACo7MxGyBL_VHaUIkMcjevmQEAAwIAA3kAAzUE'),
(2295,674,'photo','AgACAgQAAx0EYyP3GgACS4dmPkjxyJif24oG9WbDfCNIWdvnUgACMbMxG6ap_FFIVj4RxCE1MgEAAwIAA3kAAzUE'),
(2296,675,'photo','AgACAgQAAx0EYyP3GgACS4lmPkjzcTb7-F3ozUVOnx8QXLo-4AACi7MxG4709FHFuZh7ktmB-wEAAwIAA3kAAzUE'),
(2297,676,'photo','AgACAgQAAx0EYyP3GgACS4tmPkj0aZP4oJqKi_1WHqkAAaDs09wAAuizMRtyTfRRqaNfvnODoeIBAAMCAAN5AAM1BA'),
(2298,677,'photo','AgACAgQAAx0EYyP3GgACS41mPkj5eox5KS0KhV46fyBvAeBNjQACM7QxG8wC9VE_RkAWqJSsiAEAAwIAA3gAAzUE'),
(2299,678,'photo','AgACAgQAAx0EYyP3GgACS49mPkj6oWu42bPxNU89AtjrKApfIAACRLMxG8xp_VHZsAWvs-s5_QEAAwIAA3kAAzUE'),
(2300,680,'photo','AgACAgQAAx0EYyP3GgACS5JmPkj_K6GMXjMy8NX2je9xGvGWQAACvrMxG43o_VE2HfkeZMnYpAEAAwIAA3kAAzUE'),
(2301,682,'photo','AgACAgQAAx0EYyP3GgACS5VmPkkB6uSdywwPEeMIpJGlX40aOgACVbMxG8yd_FEHXKrZ9zpHqQEAAwIAA3kAAzUE'),
(2302,683,'photo','AgACAgQAAx0EYyP3GgACS5dmPkkFWRHmgMCN9R3IG8104jJs3wACxrMxGxbU9VFHfEc4XZGbMwEAAwIAA3kAAzUE'),
(2303,686,'photo','AgACAgQAAx0EYyP3GgACS5tmPkkw2if-0KPWZyqpj2JSVENO-gACUrQxGzXG9VHk4uu0VB0PegEAAwIAA3kAAzUE'),
(2304,687,'photo','AgACAgQAAx0EYyP3GgACS51mPkkxosN1ECxj5qn--lcTUVWHtgACo7MxGwVc9FH8IGmerNexxAEAAwIAA3kAAzUE'),
(2305,690,'photo','AgACAgQAAx0EYyP3GgACS6FmPkky4sxtx2cc9-kBTSOqIp79MAACkrMxG7FY_VFzaRrieKgAAc8BAAMCAAN5AAM1BA'),
(2306,691,'photo','AgACAgQAAx0EYyP3GgACS6NmPkk686d8SGe3D3_MZl9Yv8G2jQACKbQxGway9FFxIpex_qYLXwEAAwIAA3kAAzUE'),
(2307,692,'photo','AgACAgQAAx0EYyP3GgACS6VmPkk7qA7lRuyqXZeZkFeb_X10-AACd7QxG5A-9VEeVRsWzSUH2AEAAwIAA3cAAzUE'),
(2308,693,'photo','AgACAgQAAx0EYyP3GgACS6dmPkk8deA4GCNjkN5Bcs1pbmRngwACNLQxGwiS9VGjsEK_mJ_XNwEAAwIAA3kAAzUE'),
(2309,694,'photo','AgACAgQAAx0EYyP3GgACS6lmPklBr7401RgJ_1YOpF3E9CPMDAACz7MxGwHP9FEtWPqqN33njwEAAwIAA3kAAzUE'),
(2310,695,'photo','AgACAgQAAx0EYyP3GgACS6tmPklChNtNdI5PvJ5_lzp6_Av5XgAC7rMxG6wP9FFuvE8xjLDmzQEAAwIAA3kAAzUE'),
(2311,696,'photo','AgACAgQAAx0EYyP3GgACS61mPklGHuHnXl0v666wq5vToZ88awACZLMxG4uq5FExEptAyYB4WQEAAwIAA3kAAzUE'),
(2312,697,'photo','AgACAgQAAx0EYyP3GgACS69mPklsC_4B7XEWlxYxQvnWEf0WOAACOrQxGzKD9VGcvcWq5sCKgwEAAwIAA3kAAzUE'),
(2313,698,'photo','AgACAgQAAx0EYyP3GgACS7FmPkltRsnnHl8tfigAAaP7vCvWTloAAlazMRu6O-RRMbKMj9Z34kcBAAMCAAN5AAM1BA'),
(2314,699,'photo','AgACAgQAAx0EYyP3GgACS7NmPkltHAuRlaemW_7bVOLArwU1rAACZ7MxG9nS5FFA_Y30Tot3LQEAAwIAA3kAAzUE'),
(2315,700,'photo','AgACAgQAAx0EYyP3GgACS7VmPkly_-sJN9Q_YF1BKD2FU8W-vAACILMxG4Ag_VEkICAmWYDqKQEAAwIAA3kAAzUE'),
(2316,702,'photo','AgACAgQAAx0EYyP3GgACS7hmPklzkRJjEW5re0MHicmrFh2cbQACjbMxG6909FGBWNRUmorMaAEAAwIAA3kAAzUE'),
(2317,703,'photo','AgACAgQAAx0EYyP3GgACS7pmPkl4oQKp6aIbd4q2UC_ecf6WjAACDrQxG_m29FF-SP0hnv2d9QEAAwIAA3kAAzUE'),
(2318,705,'photo','AgACAgQAAx0EYyP3GgACS71mPkl5Mhe_CD8NhHo-xYTiyitrtgACWLMxG0Uv9VGpRQ4om3ZM0wEAAwIAA3kAAzUE'),
(2319,706,'photo','AgACAgQAAx0EYyP3GgACS79mPkl9w6-bEWG2OzwXDkXpKrRSmgACKrQxG8iZ9VH2aKhXpNTk1QEAAwIAA3kAAzUE'),
(2320,708,'photo','AgACAgQAAx0EYyP3GgACS8JmPkl-l-njMN-nOi_npfAkdzR8ygACrrMxG0oAAfRRFkwIdTTh3_YBAAMCAAN5AAM1BA'),
(2321,709,'photo','AgACAgQAAx0EYyP3GgACS8RmPkmrqhAku04KoLvsydy-BiYg-QACdrQxG_fm9VFM6WdW9uoBJwEAAwIAA3kAAzUE'),
(2322,710,'photo','AgACAgQAAx0EYyP3GgACS8ZmPkmsQhxBKf1PogZzRD0dcCyBzgACi7MxGw69_VEsL484AAHWS7QBAAMCAAN5AAM1BA'),
(2323,712,'photo','AgACAgQAAx0EYyP3GgACS8lmPkmsMUpZyUj686vXR2jyBFXneAAC3bMxGxWM1VFK2usugeJwKAEAAwIAA3gAAzUE'),
(2324,714,'photo','AgACAgQAAx0EYyP3GgACS8xmPkm04d9eo-EdDZ2bwTMl3n0AARUAAvmzMRuIF9VRpA7O4m74J_sBAAMCAAN5AAM1BA'),
(2325,715,'photo','AgACAgQAAx0EYyP3GgACS85mPkm0Nox7xn1ScayzyYQv-uLFOAACYrQxG9TL1VEM0MaSCGU0rQEAAwIAA3gAAzUE'),
(2326,716,'photo','AgACAgQAAx0EYyP3GgACS9BmPkm1CXtAv1CM8CKRm976WSackQACabMxG3gr3FG55Bh6vYGMIAEAAwIAA3kAAzUE'),
(2327,718,'photo','AgACAgQAAx0EYyP3GgACS9NmPkm8rnLQTjIO2DHWinXbC07SUwACoLMxG2bh3FFnn0Rk-g4yJQEAAwIAA3kAAzUE'),
(2328,719,'photo','AgACAgQAAx0EYyP3GgACS9VmPkm9sHdqE0mwlQZyZ-ZRH-BwFwACErMxGx5k1FHA6M03ECd06gEAAwIAA3kAAzUE'),
(2329,720,'photo','AgACAgQAAx0EYyP3GgACS9dmPknm4k59j6rNDe8mms4NDAhgoAAC1LIxGx4B1FHohgj4rzJpWAEAAwIAA3cAAzUE'),
(2330,721,'photo','AgACAgQAAx0EYyP3GgACS9lmPknmH0g4k3cJLBqkjfSZr9DWOQACGbMxG2gc1FEpmqCP_U6LEAEAAwIAA3kAAzUE'),
(2331,722,'photo','AgACAgQAAx0EYyP3GgACS9tmPknn8s4ouf74e46-tpEK-3v4wAACX7MxGx3d1FHcaYUPeiTjJQEAAwIAA3cAAzUE'),
(2332,723,'photo','AgACAgQAAx0EYyP3GgACS91mPknvXjZwrkYuPwp-JYoAAW3f8-MAAqKzMRtB3_VRROrHNswEh9oBAAMCAAN5AAM1BA'),
(2333,723,'photo','AgACAgQAAx0EYyP3GgACS95mPknvF-VyMeVqJ7Xtg2tYCAyr3AACAbQxGy9t9VEmWDhc4S_60AEAAwIAA3kAAzUE'),
(2334,723,'photo','AgACAgQAAx0EYyP3GgACS99mPknvVsuCrRqoHiX868gdqWvcxQACzbMxGyUN_FEJVi2t55iC1QEAAwIAA3kAAzUE'),
(2335,723,'photo','AgACAgQAAx0EYyP3GgACS-BmPknvxcRJX0hCQNGbIvaZ2LBZ-wACibMxG-nA9FHNFkxYp3hrGAEAAwIAA3kAAzUE'),
(2336,723,'photo','AgACAgQAAx0EYyP3GgACS-FmPknvu1RJiTkrCPmNkV3u4Kc0SwACn7MxG3ah_VFpNtuAC--o-QEAAwIAA3gAAzUE'),
(2337,724,'photo','AgACAgQAAx0EYyP3GgACS-NmPkn0aFZGysmE3F0eiedxwkcK3AACVbMxG-Wn9FEuFsuWVbmHMAEAAwIAA3kAAzUE'),
(2338,726,'photo','AgACAgQAAx0EYyP3GgACS-ZmPkn-adNN519TzEVwuONxSuq4mQACrLMxGxHW9FFpngj7dTREUgEAAwIAA3cAAzUE'),
(2339,726,'photo','AgACAgQAAx0EYyP3GgACS-dmPkn-6lIzHo-XBMTMo-aUPpQkUwACeLMxG0Y75VGg_aj6cym6yQEAAwIAA3cAAzUE'),
(2340,726,'photo','AgACAgQAAx0EYyP3GgACS-hmPkn-mll-gILYJkNffVfsIQcPIgACc7MxG5AW3FF-SRBkvLgZFAEAAwIAA3cAAzUE'),
(2341,726,'photo','AgACAgQAAx0EYyP3GgACS-lmPkn-_y2J5bL0TFsc6MSMbAWH4QACFbQxG8DJ9FHEaZJV8GR9JAEAAwIAA3cAAzUE'),
(2342,728,'photo','AgACAgQAAx0EYyP3GgACS-xmPkojejsoD7jwyWoGW3BZCtiIkAACV7MxG_db_VFu0NcgWmLVFQEAAwIAA3gAAzUE'),
(2343,730,'photo','AgACAgQAAx0EYyP3GgACS-9mPkoqogPJIOC3tdr7zSSKYV47nQACp7MxG6gx_FFH0OPSmdqdowEAAwIAA3kAAzUE'),
(2344,730,'photo','AgACAgQAAx0EYyP3GgACS_BmPkoqdeYyvvM7NMbm0bMJvhnO7QAC17IxG3un3VHUTCMOaSgYOwEAAwIAA3gAAzUE'),
(2345,730,'photo','AgACAgQAAx0EYyP3GgACS_FmPkoqSQsZnVgjbxX8EITx7z1LgwACabQxGwiW1VGzUgaKMlj8lwEAAwIAA3kAAzUE'),
(2346,730,'photo','AgACAgQAAx0EYyP3GgACS_JmPkoqp4eDGGuSPbC4Wf4Lc85CXAACXrQxG9rZ9VEyrYCWiFoXMAEAAwIAA3gAAzUE'),
(2347,730,'photo','AgACAgQAAx0EYyP3GgACS_NmPkoqXCNq_-ERVz8Kr1yJcUTjhQACm7MxG_CV9VFvUIjHT4NCLgEAAwIAA3gAAzUE'),
(2348,730,'photo','AgACAgQAAx0EYyP3GgACS_RmPkoqCz4UI4LV2rcAAUpm2R4J20oAAkazMRv__dxRVRPnAsqB6gcBAAMCAAN4AAM1BA'),
(2349,730,'photo','AgACAgQAAx0EYyP3GgACS_VmPkoqs6y0HfwGQM7h_FKNM-siWQAC_7MxG_B81VEmbHMFNO3rOwEAAwIAA3gAAzUE'),
(2350,731,'photo','AgACAgQAAx0EYyP3GgACS_dmPkovhe_9Tejl4H8I7DEzdGANGwACU7MxG7Db3VEhO1EJiFcpGAEAAwIAA3kAAzUE'),
(2351,732,'photo','AgACAgQAAx0EYyP3GgACS_lmPkowUFgSDFB5H28IhY7dFkwWQAACTbQxG8719FEJiA_vW51bgAEAAwIAA3gAAzUE'),
(2352,732,'photo','AgACAgQAAx0EYyP3GgACS_pmPkowCo8gGK5IpYh0gSDn3sKKBQACibMxG-dS3VGeDJAr2NdvLAEAAwIAA3gAAzUE'),
(2353,733,'photo','AgACAgQAAx0EYyP3GgACS_xmPko3S_50raRJIXfOGRGAex5MUAAC6rIxG3Il1FEbo-rak0YcXgEAAwIAA3cAAzUE'),
(2354,734,'photo','AgACAgQAAx0EYyP3GgACS_5mPko8wo4y1UWh3Xqz47wrOGi-_QACBrQxG0l19FE98MmYYIV4pwEAAwIAA3kAAzUE'),
(2355,734,'photo','AgACAgQAAx0EYyP3GgACS_9mPko8-xLMItngvd0Jp9PF-GcIjgACP7MxG43x1VERByiFL01QVgEAAwIAA3kAAzUE'),
(2356,734,'photo','AgACAgQAAx0EYyP3GgACTAABZj5KPMlpaXuV7LGb74ZQrwxpP8AAAvqzMRuRWtVRKDRmTyAKNVoBAAMCAAN5AAM1BA'),
(2357,734,'photo','AgACAgQAAx0EYyP3GgACTAFmPko8gb3duWWOk2s3jqmcOV32KwAC77IxG3UG_VEV4ykE-0LHJAEAAwIAA3kAAzUE'),
(2358,735,'photo','AgACAgQAAx0EYyP3GgACTANmPkplWL2mv5qNoqxT78FMw9GnPwAChrMxG8ov9VH9gH0eBB0lHgEAAwIAA3kAAzUE'),
(2359,735,'photo','AgACAgQAAx0EYyP3GgACTARmPkpl-msV7yccfcH-eOI7YxDzAwAC5bMxG04E9FE3BJbuo4zAdwEAAwIAA3kAAzUE'),
(2360,735,'photo','AgACAgQAAx0EYyP3GgACTAVmPkplR5HUJkl31guEQDEVJlyzmwAClLMxG9sb9FEgJE8s9sR6egEAAwIAA3kAAzUE'),
(2361,735,'photo','AgACAgQAAx0EYyP3GgACTAZmPkpl09_wKsscD8Yx-WoYGJXsaAACi7MxG4Fy9FGQbMEmJeF72gEAAwIAA3kAAzUE'),
(2362,735,'photo','AgACAgQAAx0EYyP3GgACTAdmPkplTgABN7zPk79oxk1Cs74DGr8AAmKzMRuh2_RRfv30Qg33YmMBAAMCAAN5AAM1BA'),
(2363,735,'photo','AgACAgQAAx0EYyP3GgACTAhmPkplSndcxWpvytqXUdNEsa5q2wAC1bMxG7Bm9VHMR1MUPZSzIQEAAwIAA3kAAzUE'),
(2364,736,'photo','AgACAgQAAx0EYyP3GgACTApmPkprRN5sPGfef1Xcf5xTL9mU6gACvrMxG3kt9VEJKsJD43FFHQEAAwIAA3cAAzUE'),
(2365,737,'photo','AgACAgQAAx0EYyP3GgACTAxmPkpyN8IpgeM6x4Z6xioyDDfhzwACwrMxG-vO9FGcjiqkQNkM0gEAAwIAA3kAAzUE'),
(2366,737,'photo','AgACAgQAAx0EYyP3GgACTA1mPkpy2-v1YiHHmAYZW2-ljMH1yQACYLMxG6bW_VFINQHcxVeBqQEAAwIAA3kAAzUE'),
(2367,737,'photo','AgACAgQAAx0EYyP3GgACTA5mPkpyPl7UlMr8OwxN6cekLGQByQAC0LMxG3xI9FGIz5ssLvS52wEAAwIAA3kAAzUE'),
(2368,739,'photo','AgACAgQAAx0EYyP3GgACTBFmPkp6jQwsq9wRY4gHwdFtRO-afgACZrMxG0CA_VGYB4j0UHFh8AEAAwIAA3kAAzUE'),
(2369,739,'photo','AgACAgQAAx0EYyP3GgACTBJmPkp66G2XOXRemTW2TklrwjMutAACGLMxGzX09VHQCFsbVsc3mQEAAwIAA3kAAzUE'),
(2370,741,'photo','AgACAgQAAx0EYyP3GgACTBVmPkqfWL-0-Bw6T3S1U4prDxq40gACkrMxG9fX_VGBjCFHz8ou-AEAAwIAA3kAAzUE'),
(2371,741,'photo','AgACAgQAAx0EYyP3GgACTBZmPkqfXrfYVm4a_ybZsJYB8sVDvQACprMxG8e8_VGl0GxmIuthIQEAAwIAA3kAAzUE'),
(2372,741,'photo','AgACAgQAAx0EYyP3GgACTBdmPkqfnZ032J6tUdqj1YiXSu-bdgACvLMxG58c9VHUtcnIMlu1RQEAAwIAA3kAAzUE'),
(2373,741,'photo','AgACAgQAAx0EYyP3GgACTBhmPkqfKNuuHeuZMdUv-Heq3haxMgACbbMxG7rB_FExY2Skb5c3xQEAAwIAA3kAAzUE'),
(2374,741,'photo','AgACAgQAAx0EYyP3GgACTBlmPkqf0CHpNV24PV5_zVuYtFa69gACILQxGyxv9VGempancD2NtwEAAwIAA3kAAzUE'),
(2375,741,'photo','AgACAgQAAx0EYyP3GgACTBpmPkqfclIz7qAwMXIkpKayu9SKWAACN7QxG6y39VGX6MF8kVHvKwEAAwIAA3kAAzUE'),
(2376,741,'photo','AgACAgQAAx0EYyP3GgACTBtmPkqf7ao6GTcEORnXMTVyC7GweAACr7MxG9Y39FHCFZTtGPo2egEAAwIAA3kAAzUE'),
(2377,742,'photo','AgACAgQAAx0EYyP3GgACTB1mPkqjvNC0zMBZoJ3xnu7h0e4BDQACTLMxG0k89FE7WWrRIRarLQEAAwIAA3kAAzUE'),
(2378,743,'photo','AgACAgQAAx0EYyP3GgACTB9mPkqldF_JdpaTN3zAbwRaEcXseAAC7LMxG43J9VHbA2mev4xVJwEAAwIAA3kAAzUE'),
(2379,743,'photo','AgACAgQAAx0EYyP3GgACTCBmPkqlRt7C68n64SNdcXyp0Ux2PwACNrMxG1K99FHveAV5hJwDmAEAAwIAA3kAAzUE'),
(2380,743,'photo','AgACAgQAAx0EYyP3GgACTCFmPkqlIvvivZ7wg9zG86K_4gfmJAACH7QxG1RT9FG3R2A9f2_-KgEAAwIAA3kAAzUE'),
(2381,743,'photo','AgACAgQAAx0EYyP3GgACTCJmPkqlU4pAVp_rjIojvZ65nTI76AAC57MxG_Pu9FFVChoNw97G5AEAAwIAA3kAAzUE'),
(2382,744,'photo','AgACAgQAAx0EYyP3GgACTCRmPkqp4gKoK794FB5rqLDtO657tgACCbMxG2Mh9FGDbjwiPsUSYAEAAwIAA3cAAzUE'),
(2383,745,'photo','AgACAgQAAx0EYyP3GgACTCZmPkqrCnaP9W8E6M8yjNIdt1amMAACS7MxG8Ha9FFGJiStia002QEAAwIAA3kAAzUE'),
(2384,745,'photo','AgACAgQAAx0EYyP3GgACTCdmPkqrH9Bf2WFkuDv9JgpotVEb1QACEbMxG-Dl9VH_B0_o9w5FOAEAAwIAA3kAAzUE'),
(2385,745,'photo','AgACAgQAAx0EYyP3GgACTChmPkqrlaikRqJr6dyoPWl0uFwLBwACcLMxG0dE9VF8lt9IwA3omwEAAwIAA3kAAzUE'),
(2386,745,'photo','AgACAgQAAx0EYyP3GgACTClmPkqrVQMDjPzHovQBLgu7oz83jwACTbQxG8zS9VFEzoo8VDbxVwEAAwIAA3kAAzUE'),
(2387,746,'photo','AgACAgQAAx0EYyP3GgACTCtmPkqx5f2Y2tgAAeOgJU3HhKnqteIAApuzMRss2vRRgv-tM1a77jIBAAMCAAN5AAM1BA'),
(2388,747,'photo','AgACAgQAAx0EYyP3GgACTC1mPkqyLtoyQOtgR0W_GZidIr9akgACQbQxG3za9VFCKkVwpk0vGAEAAwIAA3cAAzUE'),
(2389,748,'photo','AgACAgQAAx0EYyP3GgACTC9mPkq527fmfZraPCBJFFwy20iGMwACLLMxGw799VEwmrWUOTeHkwEAAwIAA3kAAzUE'),
(2390,748,'photo','AgACAgQAAx0EYyP3GgACTDBmPkq5s5DGerwzSUwROybWXuPKdwACQbQxG1rI9FEuh9Hc9sO4NAEAAwIAA3kAAzUE'),
(2391,748,'photo','AgACAgQAAx0EYyP3GgACTDFmPkq5Er9L1i9pWoM-04aV6IhhEgACFLMxGxUr9VGQi_RaR1egTwEAAwIAA3kAAzUE'),
(2392,748,'photo','AgACAgQAAx0EYyP3GgACTDJmPkq5z67KHh3Frn2MQ8XcX1_evQACp7MxG1ir9VHM6bNisW6UOQEAAwIAA3kAAzUE'),
(2393,750,'photo','AgACAgQAAx0EYyP3GgACTDVmPkrb6c76WQZaBZwHYeEINb1BwwACwbMxG8Ln7FEzBeHPePQCawEAAwIAA3cAAzUE'),
(2394,750,'photo','AgACAgQAAx0EYyP3GgACTDZmPkrbioev_8421NxZdPABe_lC2wACXbMxG3rE7FH9nfhxIDRRdwEAAwIAA3cAAzUE'),
(2395,750,'photo','AgACAgQAAx0EYyP3GgACTDdmPkrbN6QjkRv0BiP_VOOchZvpUwACw7MxG-ov7FFGNtXYry7htQEAAwIAA3cAAzUE'),
(2396,751,'photo','AgACAgQAAx0EYyP3GgACTDlmPkrjNLRAD69pfFGDtBcHAAFuqx0AAsezMRvFI_VRk94wcQP_YbwBAAMCAAN3AAM1BA'),
(2397,752,'photo','AgACAgQAAx0EYyP3GgACTDtmPkrrlQ9e77I4hunfIlNLxavFywAC9bMxGx4q9FHEOj0xFk5xfwEAAwIAA3kAAzUE'),
(2398,752,'photo','AgACAgQAAx0EYyP3GgACTDxmPkrrPCAssHnqaiH8fjwgBgFWIQACb7MxGx-z_VEJeESrO0EOlQEAAwIAA3kAAzUE'),
(2399,752,'photo','AgACAgQAAx0EYyP3GgACTD1mPkrrP7s_DwUcrRiZIRym10qYYQACPbMxG7Tb_FFVl7Jrd4iNUgEAAwIAA3kAAzUE'),
(2400,752,'photo','AgACAgQAAx0EYyP3GgACTD5mPkrr29t1fyevToVZyc-yOW7DyQACUbMxGy4E9FEtTNqtg9V4kQEAAwIAA3kAAzUE'),
(2401,752,'photo','AgACAgQAAx0EYyP3GgACTD9mPkrrZn5WiqMoLM282gINsnTYnQAC6bMxG-k39VFWmkTJkGgKZAEAAwIAA3kAAzUE'),
(2402,753,'photo','AgACAgQAAx0EYyP3GgACTEFmPkrwHZwutqkj2BQ8e7LWa_LIOgACYbMxGwwk_FEEQN3xLn07dAEAAwIAA3cAAzUE'),
(2403,754,'photo','AgACAgQAAx0EYyP3GgACTENmPkr1yDM1ebq3wy1mQyt4zxlycgACkLMxG79w9FG20PNfBR5MMgEAAwIAA3kAAzUE'),
(2404,754,'photo','AgACAgQAAx0EYyP3GgACTERmPkr199ZUkFv6BYUPS30bWvp34AACT7MxG2_B7FHPu2szC3oFGwEAAwIAA3kAAzUE'),
(2405,754,'photo','AgACAgQAAx0EYyP3GgACTEVmPkr16HJWqbrtDkVS_liX7FLJewACHrQxGzE49FGVQ9CvXBvIJAEAAwIAA3kAAzUE'),
(2406,756,'photo','AgACAgQAAx0EYyP3GgACTEhmPksdH7SMr33aQ_jcx7C2hxHueQACz7MxGzRp9VE5r-lwX-4EsQEAAwIAA3cAAzUE'),
(2407,756,'photo','AgACAgQAAx0EYyP3GgACTElmPksd7JaXDUHe1YGHcty3OEvkrQACo7MxGz22_VEuLDI2JHGSKQEAAwIAA3cAAzUE'),
(2408,756,'photo','AgACAgQAAx0EYyP3GgACTEpmPksdmi9FjaGjtSQ0yOhk7YRSmwAC47IxG5NF_FFYRuNNTWsvzgEAAwIAA3cAAzUE'),
(2409,756,'photo','AgACAgQAAx0EYyP3GgACTEtmPksdTmARgWfykriANsPqyDbYqQACgbMxG_hb_VFyJdoXSWkVpQEAAwIAA3cAAzUE'),
(2410,758,'photo','AgACAgQAAx0EYyP3GgACTE5mPkskUCj-dt8K77LujRYpdogITwACMLMxGzJN7FEav5bWtedYvAEAAwIAA3kAAzUE'),
(2411,758,'photo','AgACAgQAAx0EYyP3GgACTE9mPkskZP0LbIBPqsHDZpWoi5CT5QAC27MxG7M17VFgu4dLpIg9AQEAAwIAA3kAAzUE'),
(2412,759,'photo','AgACAgQAAx0EYyP3GgACTFFmPksqhmHJusgLXC4lCDBFhenmCQACgbMxG2Es_VHQCdpP1sCWcQEAAwIAA3cAAzUE'),
(2413,760,'photo','AgACAgQAAx0EYyP3GgACTFNmPksrPnHGDLSU8L3FpR1kuC0imQACA7QxG4Fi9FFfe-et2HOnbQEAAwIAA3kAAzUE'),
(2414,760,'photo','AgACAgQAAx0EYyP3GgACTFRmPksrrBLB_DGRPv8XSBYNmqlIFQAC7rMxG43J9VGgavqmq5skBQEAAwIAA3kAAzUE'),
(2415,760,'photo','AgACAgQAAx0EYyP3GgACTFVmPksrJt9saRFHsiDOBWN7gxiRzQACyrIxG2KG7VHcbWqy3rr63gEAAwIAA3kAAzUE'),
(2416,761,'photo','AgACAgQAAx0EYyP3GgACTFdmPksv2Fotvo94En0C-A6D46MFmgACbrMxG6Tw5FEf_kYw1l_CYwEAAwIAA3cAAzUE'),
(2417,762,'photo','AgACAgQAAx0EYyP3GgACTFlmPktg9ugWzNWkuB17bLSloloZ_wACgrMxG9u_9FGtvri8me27BwEAAwIAA3kAAzUE'),
(2418,762,'photo','AgACAgQAAx0EYyP3GgACTFpmPktgNrCHWtheFJypKQgqL2N1FAAC2rMxG4gN9FExj0Y5Oo03VgEAAwIAA3kAAzUE'),
(2419,762,'photo','AgACAgQAAx0EYyP3GgACTFtmPktgiT5O-bP4__siU-LwSD-KVwACFbQxG8QV9VGyEi6HWhMe6gEAAwIAA3kAAzUE'),
(2420,762,'photo','AgACAgQAAx0EYyP3GgACTFxmPktg6y3O0NBWKy8pQ5TK-02PfwACsrMxG4wv9FFlqHC_rzeINAEAAwIAA3kAAzUE'),
(2421,762,'photo','AgACAgQAAx0EYyP3GgACTF1mPktgn3LdBlnGmJitzSOj4Sbe_gACFbQxG0IP9VGCiRPHsxNNeAEAAwIAA3kAAzUE'),
(2422,762,'photo','AgACAgQAAx0EYyP3GgACTF5mPktg30VFoR08Pu5STtp10z6-5gACmbMxG0OF9FGZ7O25As3NlwEAAwIAA3kAAzUE'),
(2423,762,'photo','AgACAgQAAx0EYyP3GgACTF9mPktg4SdtVIbjJOH_KkXab20XTQACr7MxG3T19FFJEHfIo9lxeQEAAwIAA3kAAzUE'),
(2424,763,'photo','AgACAgQAAx0EYyP3GgACTGFmPktncH0PgkFuw6wosW-X_yXcawACQrMxG5SV_FHb1D5JcE090AEAAwIAA3cAAzUE'),
(2425,764,'photo','AgACAgQAAx0EYyP3GgACTGNmPktpWvfZ5g7cgR4ivyn5HnFH2gACWbMxGzSX5VHeDYKh6XfCWQEAAwIAA3kAAzUE'),
(2426,764,'photo','AgACAgQAAx0EYyP3GgACTGRmPktp04p4biR2elq4UTsQgnFZrgACp7QxGxOb9VE2Onjt_MtXmQEAAwIAA3kAAzUE'),
(2427,766,'photo','AgACAgQAAx0EYyP3GgACTGdmPkttPU1MN6zXX4Omc1WgPtjl3AACHLQxG8nA9VHPsQo20Yi95QEAAwIAA3cAAzUE'),
(2428,767,'photo','AgACAgQAAx0EYyP3GgACTGlmPkt1rfP8FBFmwmASvJioRizkggACcLMxG2vu9FF1N6zR4OF-VQEAAwIAA3kAAzUE'),
(2429,767,'photo','AgACAgQAAx0EYyP3GgACTGpmPkt1Utr1LqsThnwq4oXc41ociQACE7QxG2Ev9FEq1uaMMdw1TgEAAwIAA3kAAzUE'),
(2430,769,'photo','AgACAgQAAx0EYyP3GgACTG1mPkuaR3VK1eJfzFG16WUm0c4dfwACorMxGyGW5FE6pqm3xt6qsgEAAwIAA3kAAzUE'),
(2431,769,'photo','AgACAgQAAx0EYyP3GgACTG5mPkuans-kpXXy9soxXOtMs7YJowACJLQxG8fh3FEQ8R9mlNP0NgEAAwIAA3kAAzUE'),
(2432,769,'photo','AgACAgQAAx0EYyP3GgACTG9mPkuaMLYlxRXGZtSx3WUoASuihQACNLMxGyDr_FFJ13lIDEo5UgEAAwIAA3kAAzUE'),
(2433,770,'photo','AgACAgQAAx0EYyP3GgACTHFmPkubKEwerzHlLK0vxQrqljXLBAACGrMxG_Ot_FHPgONLD3eRCgEAAwIAA3cAAzUE'),
(2434,771,'photo','AgACAgQAAx0EYyP3GgACTHNmPkuj42wgZa7jXUZyo-17R6hzTQADtDEbe23cUToAAcE1931Y9gEAAwIAA3kAAzUE'),
(2435,771,'photo','AgACAgQAAx0EYyP3GgACTHRmPkujrXSu2gjcoofg2O485WNyVQACrbMxG2429FE1BKVK-A9MlQEAAwIAA3kAAzUE'),
(2436,771,'photo','AgACAgQAAx0EYyP3GgACTHVmPkujsfjFEh3Wd-xW4s7fgCFNkwACtrMxG00C_VFkwU1y1QXZUAEAAwIAA3kAAzUE'),
(2437,773,'photo','AgACAgQAAx0EYyP3GgACTHhmPkuox3CACghpIOES1uNlEFbbkwACjrMxG7-L3FHk0SXLmOH7jQEAAwIAA3kAAzUE'),
(2438,773,'photo','AgACAgQAAx0EYyP3GgACTHlmPkuoW7yOkoJGXC68uP0W-wyLkAAC47MxGxwR9FG40PkFG0HuxAEAAwIAA3kAAzUE'),
(2439,775,'photo','AgACAgQAAx0EYyP3GgACTHxmPkuuw5YnlyICfoXFMjiqBkmEHQAC7bMxGwhw3FG5MCLCxEmp1AEAAwIAA3kAAzUE'),
(2440,775,'photo','AgACAgQAAx0EYyP3GgACTH1mPkuubTZYYwABmuDrZEw-XEdQocsAAnKzMRuR9PxRsJL3VAf-YzUBAAMCAAN5AAM1BA'),
(2441,775,'photo','AgACAgQAAx0EYyP3GgACTH5mPkuuqA7f_V2MXa_I4Dp_a3WAvQACPLMxG3W65VEGZm5SIUjyjgEAAwIAA3kAAzUE'),
(2442,775,'photo','AgACAgQAAx0EYyP3GgACTH9mPkuuFGfh_IdVFn0oWeLvA4fvpAACMbMxG9RC5FGiw0M2KvFz2wEAAwIAA3kAAzUE'),
(2443,776,'photo','AgACAgQAAx0EYyP3GgACTIFmPku0n16iF1dktsrVqq9tnyTaBgACPrMxG_iJ5VHsMH2fNDeh0wEAAwIAA3cAAzUE'),
(2444,777,'photo','AgACAgQAAx0EYyP3GgACTINmPkvZIhc3_UPXZ301Ni47lKFDWwAC77IxGyP75VEcD499vahm_gEAAwIAA3kAAzUE'),
(2445,777,'photo','AgACAgQAAx0EYyP3GgACTIRmPkvZi_yfZhi4i9VH2rxXtWJK0QACv7MxG3tW_FF1zTK4_d00NQEAAwIAA3kAAzUE'),
(2446,777,'photo','AgACAgQAAx0EYyP3GgACTIVmPkvZ9LI0Hoz3N7jy64tdbo0KHgAC2LMxG67X9VEKn2W5xfYgsAEAAwIAA3kAAzUE'),
(2447,778,'photo','AgACAgQAAx0EYyP3GgACTIdmPkvbVVAOC6EXiQrG83FeYelQgwACpLMxG55J9VEMIOO_U_fyrgEAAwIAA3cAAzUE'),
(2448,779,'photo','AgACAgQAAx0EYyP3GgACTIlmPkvi_dVAFXBWZ2FLO_uZ4XpmmQACI7QxG7Au3FE6A10trDXKGQEAAwIAA3kAAzUE'),
(2449,779,'photo','AgACAgQAAx0EYyP3GgACTIpmPkvirUYXutQ1l1MSnmuXX-01FAACz7MxG2q09VHTfT0eMuq2mQEAAwIAA3kAAzUE'),
(2450,779,'photo','AgACAgQAAx0EYyP3GgACTItmPkviv3RqVxqStm7807zX6nP2ugACebMxG0_F_FGguKn5KbHOrwEAAwIAA3gAAzUE'),
(2451,780,'photo','AgACAgQAAx0EYyP3GgACTI1mPkvnLz_9z3NGy8SH2WHRMzMsmAAC6LMxG0s_1VGM8HOFIKdMPgEAAwIAA3cAAzUE'),
(2452,781,'photo','AgACAgQAAx0EYyP3GgACTI9mPkvsKF9mO1nwbt3woEKRqm0o6QACLbQxG2gv9FGZmeLTGF8JJwEAAwIAA3kAAzUE'),
(2453,781,'photo','AgACAgQAAx0EYyP3GgACTJBmPkvskeKynyUwwgfU58twuZ23nwACnbMxG8aA9VGVmMeWbin6IwEAAwIAA3kAAzUE'),
(2454,782,'photo','AgACAgQAAx0EYyP3GgACTJJmPkvsuqZN_ZUCXP9Z1sH0IyfyKwAC87MxG-Ya3FF854IBadSZnwEAAwIAA3kAAzUE'),
(2455,783,'photo','AgACAgQAAx0EYyP3GgACTJRmPkwVgSrxY8H2oKKo9SOwVdI9ggACAbQxG7BE_VHhLdAM9xi55gEAAwIAA3kAAzUE'),
(2456,783,'photo','AgACAgQAAx0EYyP3GgACTJVmPkwV5al4UiLfJFFkv25SGfh_CAACyLMxGxnC_FGVQwRadjR7HAEAAwIAA3kAAzUE'),
(2457,785,'photo','AgACAgQAAx0EYyP3GgACTJhmPkwXJFuuVrttyTQn_mSq_EuLyAAC9LMxG_Pp9VEfZO0rEYKHLQEAAwIAA3cAAzUE'),
(2458,786,'photo','AgACAgQAAx0EYyP3GgACTJpmPkwcMKAFpGK9V9MRlj4V7XYlggACaLMxGywS3VGIgf1tAo3PbgEAAwIAA3kAAzUE'),
(2459,786,'photo','AgACAgQAAx0EYyP3GgACTJtmPkwc0GmG60-xO4X5jnQBYOG0HQAC2LMxG8143FElWBNpr01N5wEAAwIAA3kAAzUE'),
(2460,788,'photo','AgACAgQAAx0EYyP3GgACTJ5mPkwh6iXhuj3B_Y3JIogKHCZ0nAACh7MxGxnS9VGFKU_VtPSN4gEAAwIAA3cAAzUE'),
(2461,789,'photo','AgACAgQAAx0EYyP3GgACTKBmPkwj1eSOJeBcUYasMgKwuhZ4ogACE7QxG_NN9VEC6wvRBe_XHwEAAwIAA3kAAzUE'),
(2462,789,'photo','AgACAgQAAx0EYyP3GgACTKFmPkwj04aC466c116yUs-zX0jVsAACz7MxG7AZ9VENxnhXSjL2ugEAAwIAA3kAAzUE'),
(2463,791,'photo','AgACAgQAAx0EYyP3GgACTKRmPkwn5dMIMB0cNL96C678Q-1E7QACqLMxG2VU9FFm8k0owEXUHwEAAwIAA3cAAzUE'),
(2464,792,'photo','AgACAgQAAx0EYyP3GgACTKZmPkxTNAXjSv5NEcJAr3NymdGL5QACTrMxG670_FFwXbNKqOkRAAEBAAMCAAN5AAM1BA'),
(2465,792,'photo','AgACAgQAAx0EYyP3GgACTKdmPkxTHsP655o7HWgaQMhP0qc66AAC2rMxG9Sn9FEBgHOYkLXgvAEAAwIAA3kAAzUE'),
(2466,792,'photo','AgACAgQAAx0EYyP3GgACTKhmPkxT6bqbQ1ei11rlgAzc5THheQACJLQxG2Kr9VE6AcPJ3y_7TwEAAwIAA3kAAzUE'),
(2467,792,'photo','AgACAgQAAx0EYyP3GgACTKlmPkxTSUbKt04ab07R4W-jE7x95gACHLQxG8bD9FEyjqtni8MuFwEAAwIAA3kAAzUE'),
(2468,794,'photo','AgACAgQAAx0EYyP3GgACTKxmPkxdVObtjzTRSSRMg0abGJbfGQACnbMxG73O9VExvIqXl7xRZgEAAwIAA3kAAzUE'),
(2469,794,'photo','AgACAgQAAx0EYyP3GgACTK1mPkxdUafFSw01Wv2qTagHDhqyfgACFrMxG9N9_VGSt2DhW2yYJQEAAwIAA3kAAzUE'),
(2470,794,'photo','AgACAgQAAx0EYyP3GgACTK5mPkxdzxpSD2C0nmSnoMeL1oeScQACzbMxG6p_9FFzPBymWvH8jwEAAwIAA3kAAzUE'),
(2471,794,'photo','AgACAgQAAx0EYyP3GgACTK9mPkxdGBA99wx9cfNuUewy2JojOQACPbQxG_nx9FFDeYWpd5r6JgEAAwIAA3kAAzUE'),
(2472,795,'photo','AgACAgQAAx0EYyP3GgACTLFmPkxiL5CuzFPkxAFG0j1jT2rOPAACrLMxG8yd1VFeGUVh6RAnLgEAAwIAA3cAAzUE'),
(2473,796,'photo','AgACAgQAAx0EYyP3GgACTLNmPkxj4ZypG_C_6dmvPX5ESGtCcAACHbQxGz-VzFGPXjoyOSo-CwEAAwIAA3kAAzUE'),
(2474,796,'photo','AgACAgQAAx0EYyP3GgACTLRmPkxjwfeXe1WVQ2jmCPjqMmFddQACV7MxG2jP_VHsQPZDoD8sUAEAAwIAA3kAAzUE'),
(2475,796,'photo','AgACAgQAAx0EYyP3GgACTLVmPkxjwXwWJvqZoow3TPrYV4d0hAACNLQxG2hp1FFpN39k524AAVIBAAMCAAN5AAM1BA'),
(2476,797,'photo','AgACAgQAAx0EYyP3GgACTLdmPkxqVbd3iIMb1-nn36igUpELyAAC5rIxG_S91VH3MHdpdSSS7gEAAwIAA3cAAzUE'),
(2477,798,'photo','AgACAgQAAx0EYyP3GgACTLlmPkyOw0QUlnpjBN_MGRGFZ-2u0gAChrMxG66T1VEjfZFuUARnWwEAAwIAA3kAAzUE'),
(2478,798,'photo','AgACAgQAAx0EYyP3GgACTLpmPkyOSEbh2KH1k2WFfwWIIXRhWAACR7QxGzrl1FFeLnMwIe1F2AEAAwIAA3kAAzUE'),
(2479,799,'photo','AgACAgQAAx0EYyP3GgACTLxmPkyOlBtxZZtK4hH-GsrCLs5n4QACILMxGyJX1FFLzWygn66ZQAEAAwIAA3cAAzUE'),
(2480,800,'photo','AgACAgQAAx0EYyP3GgACTL5mPkyXFd6No-ka4A8l7wlTswEIkAACK7MxG0Hr1FFwbcf7LNO79wEAAwIAA3kAAzUE'),
(2481,800,'photo','AgACAgQAAx0EYyP3GgACTL9mPkyXGvYsPRaHUDEIUatzPHUlxAACfrMxG_dc1FHCtu_Xag2cEQEAAwIAA3kAAzUE'),
(2482,800,'photo','AgACAgQAAx0EYyP3GgACTMBmPkyXoC2KSOtvRK7S-cFGrMCDrgACtrMxG-zX9FFqQGrtSMZPKgEAAwIAA3kAAzUE'),
(2483,801,'photo','AgACAgQAAx0EYyP3GgACTMJmPkybA4bbAxr6MuoOMC-MODtV6gAC1LMxG-JJzFGQqwUKSoMORAEAAwIAA3cAAzUE'),
(2484,802,'photo','AgACAgQAAx0EYyP3GgACTMRmPkybhIOFBxFkOQW8SnP0GCGoHwACEbQxG5ttzFF4rkqLInCSzQEAAwIAA3kAAzUE'),
(2485,803,'photo','AgACAgQAAx0EYyP3GgACTMZmPkyjh9TExtQo1gQ6xLulom4kiQACJLQxG5IRzVHD3a3cTpjFpgEAAwIAA3kAAzUE'),
(2486,803,'photo','AgACAgQAAx0EYyP3GgACTMdmPkyjAtIf2yySA_rLjAABa9zAddcAAjS0MRsMrs1RIiIzJn7Gwd4BAAMCAAN5AAM1BA'),
(2487,803,'photo','AgACAgQAAx0EYyP3GgACTMhmPkyj_XKvZ2kj7l9b0MR48_QFhwACb7MxGx2k9VEIWLI1P5pK_QEAAwIAA3kAAzUE'),
(2488,803,'photo','AgACAgQAAx0EYyP3GgACTMlmPkyjOGyft8s1fQABUiU5-T4jcIEAAsCzMRtlvNVRhW15SjgIx5MBAAMCAAN5AAM1BA'),
(2489,805,'photo','AgACAgQAAx0EYyP3GgACTMxmPkzNhMyJCyOj1WjLa5zp95_b8AAC5bMxG-yCzFGfuwc4D_i15AEAAwIAA3cAAzUE'),
(2490,805,'photo','AgACAgQAAx0EYyP3GgACTM1mPkzNZiMqGSjrIFw0-RhKyeSMeAACbrMxGznt1FGzYOmaOEsrJAEAAwIAA3cAAzUE'),
(2491,805,'photo','AgACAgQAAx0EYyP3GgACTM5mPkzNa1kOFI-T6baRcRZro1ZtdAACe7MxG-sB1FEGwL8dv4Ho5AEAAwIAA3cAAzUE'),
(2492,807,'photo','AgACAgQAAx0EYyP3GgACTNFmPkzR4ZGsFOSILohjyQfIQQGNuAACE7QxG2WW9VHzz9et7E6FVAEAAwIAA3kAAzUE'),
(2493,807,'photo','AgACAgQAAx0EYyP3GgACTNJmPkzRIjvpewUBVYGyLZKtrepCEwACdbQxGxMrzVERPAFkTh2NyAEAAwIAA3kAAzUE'),
(2494,808,'photo','AgACAgQAAx0EYyP3GgACTNRmPkzYBRGCpw0JZcuhtmMvwn-0FAACLLQxG_NuzVFY7shVwnZrjAEAAwIAA3cAAzUE'),
(2495,809,'photo','AgACAgQAAx0EYyP3GgACTNZmPkzZJ7K3kLp5DqYg-23z-eT9YwACkLMxG_g6_VFTjNFw-FTuZAEAAwIAA3gAAzUE'),
(2496,809,'photo','AgACAgQAAx0EYyP3GgACTNdmPkzZiB8aFsnZqW06FR1FJ7kvGAACLbMxG6QP1FGTUvXZ6GjlGgEAAwIAA3gAAzUE'),
(2497,809,'photo','AgACAgQAAx0EYyP3GgACTNhmPkzZvtXCN4AZuY7GNYzowPZStwACHrQxGwYIzFEZAAHXoXBkK6QBAAMCAAN4AAM1BA'),
(2498,809,'photo','AgACAgQAAx0EYyP3GgACTNlmPkzZeBpBr-BSxnJPLSzGpFToowACQrMxG7-H1FEKS1laa1MhQgEAAwIAA3gAAzUE'),
(2499,811,'photo','AgACAgQAAx0EYyP3GgACTNxmPkzetJLkCmE8hHwxKdAOcBFXwgAC_7MxG07KzVH15qnNHRMlhAEAAwIAA3kAAzUE'),
(2500,811,'photo','AgACAgQAAx0EYyP3GgACTN1mPkzeI0iOh9i5nL9z-S0OpEjnXgACyLMxG9SrzFG26CUZBtYFSgEAAwIAA3kAAzUE'),
(2501,811,'photo','AgACAgQAAx0EYyP3GgACTN5mPkzereFX9PxY5fmQ8PzJxe7U2wAC5LMxG0dxzVGwFlGngYhpKQEAAwIAA3kAAzUE'),
(2502,813,'photo','AgACAgQAAx0EYyP3GgACTOFmPk0J61S8yQ_OOhzu0rD8Jq8ujwACVLQxG32QzVGw3edMTR7RBgEAAwIAA3kAAzUE'),
(2503,813,'photo','AgACAgQAAx0EYyP3GgACTOJmPk0JIRr01Z8-n6SNXTECVStEiwACcbMxG2oo1FEdgsemadVFkQEAAwIAA3kAAzUE'),
(2504,813,'photo','AgACAgQAAx0EYyP3GgACTONmPk0JzO4pnn7XWjHSB1Hk_OK7SgACc7MxG0X31VFCleE6xug-6gEAAwIAA3kAAzUE'),
(2505,813,'photo','AgACAgQAAx0EYyP3GgACTORmPk0J2BUQefS6bcsvDHn0eCEqoQACF7MxG0kR1FHkxvi5a9NBRAEAAwIAA3kAAzUE'),
(2506,814,'photo','AgACAgQAAx0EYyP3GgACTOZmPk0RJr5DPCG3IPXoyWIAAQgw84cAAhy0MRsM4sxRC-JAIRd5a3cBAAMCAAN5AAM1BA'),
(2507,815,'photo','AgACAgQAAx0EYyP3GgACTOhmPk0T7P1LhMF36h-YpmmfVxNLHwACDbQxGzm89VH5fCv2hFi6aAEAAwIAA3cAAzUE'),
(2508,816,'photo','AgACAgQAAx0EYyP3GgACTOpmPk0Xq72I0HBZLk9_nDa2htzlqwACnrMxG1FP1VF7pWJXaxr-gwEAAwIAA3kAAzUE'),
(2509,816,'photo','AgACAgQAAx0EYyP3GgACTOtmPk0XzaEfzvuclpH19mXKZJ4YfQACW7QxG5gCzFFiWIYQKTjongEAAwIAA3kAAzUE'),
(2510,816,'photo','AgACAgQAAx0EYyP3GgACTOxmPk0XBKZ9ba_rwbYnMtB0bWg70QACr7MxG5PB9FGcRL_QAkNqtQEAAwIAA3kAAzUE'),
(2511,817,'photo','AgACAgQAAx0EYyP3GgACTO5mPk0X7MniqB7bbeqJ4SCCacewMwACgLQxGwABNs1RaZU2EoknZ8IBAAMCAAN3AAM1BA'),
(2512,818,'photo','AgACAgQAAx0EYyP3GgACTPBmPk0ducrYYeiNpm8bCaT3J9SlsgACFbQxGzrXzVGH97aspeBaTwEAAwIAA3cAAzUE'),
(2513,818,'photo','AgACAgQAAx0EYyP3GgACTPFmPk0dpKs4afGxGrNRWhY7svTbAQAC37MxG8FZzVGz9VJPj30epAEAAwIAA3cAAzUE'),
(2514,818,'photo','AgACAgQAAx0EYyP3GgACTPJmPk0dnI-wYJ5mEegVHu7pZe_0sgAC_LMxGx-AzVH8X237dzxqTAEAAwIAA3cAAzUE'),
(2515,819,'photo','AgACAgQAAx0EYyP3GgACTPRmPk1FYWWYsAOVegb4lwu9cywXdwACzrMxGwABkMxR7H9RllJq3h8BAAMCAAN5AAM1BA'),
(2516,820,'photo','AgACAgQAAx0EYyP3GgACTPZmPk1H908ZLcF69-F3kqpxI-Rv4QAC8bMxG4eW9VE0daCCc_KFXAEAAwIAA3kAAzUE'),
(2517,820,'photo','AgACAgQAAx0EYyP3GgACTPdmPk1H4GwWd-qCBBm1g8Y7-az-6wACvrMxG8ObzVGpxKxrQ2m47QEAAwIAA3kAAzUE'),
(2518,822,'photo','AgACAgQAAx0EYyP3GgACTPpmPk1OmeUcq1Q5cJn5wZQSIQABr0oAAnezMRuafsxRdo1fP2bbnHEBAAMCAAN3AAM1BA'),
(2519,823,'photo','AgACAgQAAx0EYyP3GgACTPxmPk1Wtw_q-Hehqnir57VdHi7gogACrrMxGxiM9VFTbSMSclBe9QEAAwIAA3gAAzUE'),
(2520,823,'photo','AgACAgQAAx0EYyP3GgACTP1mPk1WwnvUd1C7JyUSzJ_7q86QYwACdrQxG-2GzVFuScEWnNhe0wEAAwIAA3gAAzUE'),
(2521,823,'photo','AgACAgQAAx0EYyP3GgACTP5mPk1WbupwSTN4JnbzETqbKlThmwACDbQxGwa39VFO0WquiB14qAEAAwIAA3gAAzUE'),
(2522,823,'photo','AgACAgQAAx0EYyP3GgACTP9mPk1WBFxC2V0erUFla77LiYR3ZwACV7MxG2k0zFF7Gh1cihnkyAEAAwIAA3gAAzUE'),
(2523,823,'photo','AgACAgQAAx0EYyP3GgACTQABZj5NVrPAuX540H_thUzFZKICN4kAArKzMRugmdVRgHVDZr5ATGUBAAMCAAN4AAM1BA'),
(2524,825,'photo','AgACAgQAAx0EYyP3GgACTQNmPk1a8WS8aKTnWGwUbtLWA-9A2QACibMxG0JbzVHiJ9w5wFnPugEAAwIAA3kAAzUE'),
(2525,825,'photo','AgACAgQAAx0EYyP3GgACTQRmPk1a6ImzyToL9H-cdR-_8AsGOwAC5LMxGxfczVEKyao2HqFvfAEAAwIAA3kAAzUE'),
(2526,826,'photo','AgACAgQAAx0EYyP3GgACTQZmPk1iUrenQynLGp6dQebveMVDMwAC6LIxG3if1VEb6hgAAaJcAuABAAMCAAN3AAM1BA'),
(2527,827,'photo','AgACAgQAAx0EYyP3GgACTQhmPk1iPoY-FcHKdLC-G7-VrWwnuAAC17MxGxbdzVHr645uyWC8QwEAAwIAA3kAAzUE'),
(2528,827,'photo','AgACAgQAAx0EYyP3GgACTQlmPk1iJahcgn80e32b6OfV9GOlgQACp7MxGwIP1VFqjhtjLUPOnwEAAwIAA3kAAzUE'),
(2529,827,'photo','AgACAgQAAx0EYyP3GgACTQpmPk1izGpi6Fa5WXSRisGlbN9u-AACUbQxG2htzFGrDsk-y03axQEAAwIAA3kAAzUE'),
(2530,827,'photo','AgACAgQAAx0EYyP3GgACTQtmPk1i3ioTkCsc0JwSHlnj8p8TYAACAbQxG4_EzFF0DR278xjFOQEAAwIAA3kAAzUE'),
(2531,829,'photo','AgACAgQAAx0EYyP3GgACTQ5mPk2ITyRXaJOuC8NvSw7h8MRG2QAC7bMxG5rS9VHrSRyw2NN_bAEAAwIAA3kAAzUE'),
(2532,829,'photo','AgACAgQAAx0EYyP3GgACTQ9mPk2IuGCDjikzDZj1GXYqpnVPLAAC3bMxG7vg_FHgh8dgq-cVKAEAAwIAA3kAAzUE'),
(2533,829,'photo','AgACAgQAAx0EYyP3GgACTRBmPk2IF9jxot4PoZZNAakyM75qjAACa7MxG1Sn9FHQUXgGYgyKfAEAAwIAA3kAAzUE'),
(2534,829,'photo','AgACAgQAAx0EYyP3GgACTRFmPk2Ibg8DWUhSq8RehptspXsLFwACz7MxG_6I9FHiwg4R_yVqtQEAAwIAA3kAAzUE'),
(2535,831,'photo','AgACAgQAAx0EYyP3GgACTRRmPk2SMNwTu04ZigmgWahFil2kJQACfrMxG5qM_FFE7aRTYC6SgwEAAwIAA3gAAzUE'),
(2536,831,'photo','AgACAgQAAx0EYyP3GgACTRVmPk2SjDbS7yKyw2cwSUsPn4n4ygACg7MxG6VE9FHtbvFHvcULfQEAAwIAA3gAAzUE'),
(2537,831,'photo','AgACAgQAAx0EYyP3GgACTRZmPk2S-Pd9p1BIAuFXlo6CStdhggACmrMxG5Dj9VHlCjcJit6nxQEAAwIAA3gAAzUE'),
(2538,831,'photo','AgACAgQAAx0EYyP3GgACTRdmPk2SooLse8o2sws4pe5SblkG4AACgLMxGzvL9VHCC-UcN_qZQAEAAwIAA3gAAzUE'),
(2539,832,'photo','AgACAgQAAx0EYyP3GgACTRlmPk2Ym1kYq0JqfKj2enZqXiqsGQACh7MxG64m9VGYHra3Dfpf6wEAAwIAA3cAAzUE'),
(2540,833,'photo','AgACAgQAAx0EYyP3GgACTRtmPk2dJr49py2LH8L6aHOxo_E-wAACFbQxG4Lq9VH02uoD8XQ78gEAAwIAA3kAAzUE'),
(2541,833,'photo','AgACAgQAAx0EYyP3GgACTRxmPk2d4kCag4u3efII8h3_yPzASAACYLQxGxFx9VHeQOx2D1x4XQEAAwIAA3kAAzUE'),
(2542,834,'photo','AgACAgQAAx0EYyP3GgACTR5mPk3BmgXVFJAy8-t3g-2NE0LZXgACdLMxGwK7_VHKEqe445nNpQEAAwIAA3cAAzUE'),
(2543,837,'photo','AgACAgQAAx0EYyP3GgACTSJmPk-aFh7Z70idaAKKSJgID_JbIAACwbMxGzdn9VFEOuvNnp_ArgEAAwIAA3cAAzUE'),
(2544,839,'photo','AgACAgQAAx0EYyP3GgACTSVmPleIDgJ3n9p_GHVxOi4rZe7QBQACRbMxG4se_FGxT-3b6CbTTwEAAwIAA3kAAzUE'),
(2545,839,'photo','AgACAgQAAx0EYyP3GgACTSZmPleIh2kcQLUzYDkQ2PmTZAyLLAAC6rMxGxl29VHo-QgoW1JTWwEAAwIAA3kAAzUE'),
(2546,840,'photo','AgACAgQAAx0EYyP3GgACTShmPloJOXJQaZagS5-YzzPgcaSDMgACZLQxG9Kj9FETOQi8Syq_0QEAAwIAA3kAAzUE'),
(2547,842,'photo','AgACAgQAAx0EYyP3GgACTStmPmIa8Re6jYn3jEpEXVZZmKjXYAACr7MxG-k0_VEcrqIiB1HNawEAAwIAA3kAAzUE'),
(2548,846,'photo','AgACAgQAAx0EYyP3GgACTTBmPnCUELHanP8wVzkV_e8Y-ubVcgACvbMxGz2Q_FEL5soJDBQppQEAAwIAA3kAAzUE'),
(2549,847,'photo','AgACAgQAAx0EYyP3GgACTTJmPnKoLowp67UKLjNpb-BZEcJPCwAC37MxG_LQ9VGH3KzsFGGANAEAAwIAA3kAAzUE'),
(2550,849,'photo','AgACAgQAAx0EYyP3GgACTTVmPnOuXXjEZkQwREOTYhWyD_wORwAC8rMxG2TM9FEoEh22Ghr2SAEAAwIAA3gAAzUE'),
(2551,849,'photo','AgACAgQAAx0EYyP3GgACTTZmPnOuees2kgoZz4rCvUqZEjopKwACjrMxG0Pu_FHayPxKe3S6lAEAAwIAA3gAAzUE'),
(2552,849,'photo','AgACAgQAAx0EYyP3GgACTTdmPnOu4nKpBhE8gp7C_4cLya94kAACfLMxG82W9VHnIJP3NjvhiQEAAwIAA3gAAzUE'),
(2553,849,'photo','AgACAgQAAx0EYyP3GgACTThmPnOuj2ZsIAX5WJXiVnYj1q2REgACErQxGyMn9FFL0_wH0ZRm0QEAAwIAA3gAAzUE'),
(2554,849,'photo','AgACAgQAAx0EYyP3GgACTTlmPnOurPPF3qJ5Qw7_uAd3avJtcAAC6rMxG0hp9FHBpv9AHR6jFgEAAwIAA3gAAzUE'),
(2555,849,'photo','AgACAgQAAx0EYyP3GgACTTpmPnOuDgWDrR3BRcjPHF3kLt3KhAAC4rMxG5iU_FEj-jx7UL6aWQEAAwIAA3gAAzUE'),
(2556,849,'photo','AgACAgQAAx0EYyP3GgACTTtmPnOuzn0qJ7WNRs_wi2fpg6TPHwAChbMxG1xt_VFQMslgm89FIQEAAwIAA3gAAzUE'),
(2557,849,'photo','AgACAgQAAx0EYyP3GgACTTxmPnOuFID-t2JB0cu8fAdUq1yzcgACnLMxGxL__VHnQWzAMe8-YwEAAwIAA3gAAzUE'),
(2558,850,'photo','AgACAgQAAx0EYyP3GgACTT5mPndNZRgJ0lkrTjqkQG17_gnH8gAC0rMxG7tC9VHoqCrZZShRegEAAwIAA3kAAzUE'),
(2559,851,'photo','AgACAgQAAx0EYyP3GgACTUBmPnqvSU8Z5UYU4Cdt6m2kYvbxuwACb7MxG7Ug_VG9rA_AV5zN1wEAAwIAA3cAAzUE'),
(2560,852,'photo','AgACAgQAAx0EYyP3GgACTUJmPn0rM3CLoWf_Em4ixnYtfQThlwAC2LMxG0-X_VEO7p6hGgq8AAEBAAMCAAN5AAM1BA'),
(2561,853,'photo','AgACAgQAAx0EYyP3GgACTURmPoHB74462vaZU5ARRr31yYDQzQACIrQxG3LR9VHcBrXjNn8pTgEAAwIAA3kAAzUE'),
(2562,853,'photo','AgACAgQAAx0EYyP3GgACTUVmPoHBSsc6AopikkwFdJIuGcdHigACGLQxG9GA9FFw0WW_AAFwIjMBAAMCAAN5AAM1BA'),
(2563,854,'photo','AgACAgQAAx0EYyP3GgACTUdmPoemEycRS1rnOsK6nbBmztGkpQACE7QxG5NX9VHHIh47RCSyvwEAAwIAA3cAAzUE'),
(2564,856,'photo','AgACAgQAAx0EYyP3GgACTUtmPof75TXtg6J6pQztZNqGtFRaNAACd7MxG6HK1FHlCkGL3n8DpgEAAwIAA3kAAzUE'),
(2565,856,'photo','AgACAgQAAx0EYyP3GgACTUxmPof7XXxerLci3-aKayNS_hJPqwACkbMxGxOd1FHJ5l6V9rFeEAEAAwIAA3kAAzUE'),
(2566,856,'photo','AgACAgQAAx0EYyP3GgACTU1mPof7iHE4L1Ls24ukaXhljRdgMwACn7MxG7e41FHYkOlb36Zh8QEAAwIAA3kAAzUE'),
(2567,856,'photo','AgACAgQAAx0EYyP3GgACTU5mPof7isJbPtqqcIj28DcF1KOADAACdbMxGzde1FFbUqpmatDyZwEAAwIAA3kAAzUE'),
(2568,856,'photo','AgACAgQAAx0EYyP3GgACTU9mPof7CEkpnmjDTwxkY-uGKpMgVQACybMxG2RX_VECubrScnnB0AEAAwIAA3kAAzUE'),
(2569,856,'photo','AgACAgQAAx0EYyP3GgACTVBmPof7Hpdy51RLElRAFry1mWzT9AAC9LMxG7Io1VGiS7cNvajZBQEAAwIAA3kAAzUE'),
(2570,856,'photo','AgACAgQAAx0EYyP3GgACTVFmPof7VVTL4k9aUMuDXHakJCkj7QACkLMxG9F41VEuYSlOlALaRAEAAwIAA3kAAzUE'),
(2571,856,'photo','AgACAgQAAx0EYyP3GgACTVJmPof7ZrgD5AkiyHQowcbVjjAi-AACrLMxG7yZ1FGQbxM_mKVSyQEAAwIAA3kAAzUE'),
(2572,856,'photo','AgACAgQAAx0EYyP3GgACTVNmPof7zapVAVGcRkXg1s79vEIL7AACR7MxG6p41VHIayLgPTkD_wEAAwIAA3kAAzUE'),
(2573,856,'photo','AgACAgQAAx0EYyP3GgACTVRmPof7n-sgRvimdcSWHoXfiGhn2gACSLMxG7lZ3FH14bIYySo5ZwEAAwIAA3kAAzUE'),
(2574,857,'photo','AgACAgQAAx0EYyP3GgACTVZmPogDFjhELTiBi8aZEpl8Cz9ewQACZrMxGyqd1FG5yCXxxaozRQEAAwIAA3gAAzUE'),
(2575,858,'photo','AgACAgQAAx0EYyP3GgACTVhmPogDCq8a6zmvdSg1MCUOcVHMnAAC6LIxG1RuzVGtLXNujoAJgQEAAwIAA3kAAzUE'),
(2576,859,'photo','AgACAgQAAx0EYyP3GgACTVpmPognpJYS7HThofUfKxcPYP2sbQACgLMxG9VCxVEvVfUzaimXfQEAAwIAA3gAAzUE'),
(2577,860,'photo','AgACAgQAAx0EYyP3GgACTVxmPogoprKd4nsJgtKemUNMenhSAQACG7QxG1dhtFF4HnRbC4tNFAEAAwIAA3kAAzUE'),
(2578,861,'photo','AgACAgQAAx0EYyP3GgACTV5mPogruKb2kxDH_sIjrMnfrU0-KwAC6LIxG8-6rVF4BeuvIOrZRgEAAwIAA3cAAzUE'),
(2579,862,'photo','AgACAgQAAx0EYyP3GgACTWBmPogrMfgygl59R1Ipe3rHO30I0QAC7bMxG60NlFG4rbKL5GPmnQEAAwIAA3cAAzUE'),
(2580,863,'photo','AgACAgQAAx0EYyP3GgACTWJmPomvUGTTzg-nr9j44rt3ckaR8QACb7QxG_eJ9VEG2JSch9N3xwEAAwIAA3cAAzUE'),
(2581,864,'photo','AgACAgQAAx0EYyP3GgACTWRmP5KCJbABdS08WLUDbO2mKvxLTAACmLMxG7YPBVJzvhQGavnrSQEAAwIAA3kAAzUE'),
(2582,865,'photo','AgACAgQAAx0EYyP3GgACTWZmP5KDZO6zfaKA57ZcV8KYsKy7MQACobMxG6GzBVIx7Uu2nZM1vwEAAwIAA3kAAzUE'),
(2583,866,'photo','AgACAgQAAx0EYyP3GgACTWhmP5KIUL8QbWF5fCwQ4oLhFFzXmgACWbMxG4WvBVL-ctdkEn0WyQEAAwIAA3kAAzUE'),
(2584,868,'photo','AgACAgQAAx0EYyP3GgACTWtmP5KKIsRsKOJoSij37dSUitiXpQACCbQxG4N2BFKixOEDzOePeQEAAwIAA3kAAzUE'),
(2585,869,'photo','AgACAgQAAx0EYyP3GgACTW1mP5KOKV948WJe35qgAou-FW-cXwACt7MxG82u_VHZBJkn6UVH_QEAAwIAA3kAAzUE'),
(2586,870,'photo','AgACAgQAAx0EYyP3GgACTW9mP5KPNyU_12I-WJeqPqITnvQsRQACP7MxG8VoBVKTTeYMoPWkEwEAAwIAA3kAAzUE'),
(2587,871,'photo','AgACAgQAAx0EYyP3GgACTXFmP5KQTysb5v4KDjKmbpizB_iC7AACzbMxG0eYBVIm0WU7vFzroQEAAwIAA3kAAzUE'),
(2588,872,'photo','AgACAgQAAx0EYyP3GgACTXNmP5KV2Q6xWFf0NomZH_N4LI0WcwACPbQxG752BFJKHaFpeHZIIgEAAwIAA3kAAzUE'),
(2589,873,'photo','AgACAgQAAx0EYyP3GgACTXVmP5KWKLxT7DeRxT4rJyHjQexTfgACWbQxGxup_VG3LhpOYQE90wEAAwIAA3kAAzUE'),
(2590,874,'photo','AgACAgQAAx0EYyP3GgACTXdmP5LAAeb5-FKGigABC3ygbAftwKsAArWzMRuIzARSi2g1GlTqkAcBAAMCAAN5AAM1BA'),
(2591,875,'photo','AgACAgQAAx0EYyP3GgACTXlmP5LEFobDAAHz95DdeJaciX3aOmwAAuSzMRt0fQVSoaoEYO0zKp8BAAMCAAN5AAM1BA'),
(2592,875,'photo','AgACAgQAAx0EYyP3GgACTXpmP5LEf-xLKk-0I8_eJAI1qjDjMAAC4bMxGz2o_VG-cCgAAZST7v4BAAMCAAN5AAM1BA'),
(2593,875,'photo','AgACAgQAAx0EYyP3GgACTXtmP5LEBtIWM4h7vpY3qPIGlsf9YQAC77MxG5O5BFIJKLoR6fke-AEAAwIAA3kAAzUE'),
(2594,876,'photo','AgACAgQAAx0EYyP3GgACTX1mP5LJXbJmhxxp7a9-OdgMTQ4eNAACTLMxG-BRBFK62hwPOictrQEAAwIAA3cAAzUE'),
(2595,877,'photo','AgACAgQAAx0EYyP3GgACTX9mP5MHueyDtrQ123bzw30XqXA6qAACHrQxG5va_FE4AkimaqAMowEAAwIAA3kAAzUE'),
(2596,877,'photo','AgACAgQAAx0EYyP3GgACTYBmP5MH4wkFeVWqINk9lyInHghIEAACP7QxG8Kj_VG5j5TsPfmLiQEAAwIAA3kAAzUE'),
(2597,877,'photo','AgACAgQAAx0EYyP3GgACTYFmP5MHn8mPD1T0HPFtk2BI9Z0gTAACDbQxG9IhBFIEV6I8FfpESQEAAwIAA3kAAzUE'),
(2598,877,'photo','AgACAgQAAx0EYyP3GgACTYJmP5MHmMWVv7gJAAEOcOsWWR34UqsAAiO0MRugZARS9dsOKvzrYPYBAAMCAAN5AAM1BA'),
(2599,877,'photo','AgACAgQAAx0EYyP3GgACTYNmP5MHwyaDsVhuui4AAR2_SbtFiAgAApKzMRuWPAVSq2M7Rh9uIxoBAAMCAAN5AAM1BA'),
(2600,877,'photo','AgACAgQAAx0EYyP3GgACTYRmP5MHam0Fm-S8q4iBrJaRFipJPQACW7QxG8_w_FEx46A6AdS7pwEAAwIAA3kAAzUE'),
(2601,877,'photo','AgACAgQAAx0EYyP3GgACTYVmP5MHvNjeViaw3eH78aBi4A9eKwACcLMxG8uxBFI7_clV0CjBFQEAAwIAA3kAAzUE'),
(2602,877,'photo','AgACAgQAAx0EYyP3GgACTYZmP5MH7RajlkTFkmCvE5KFy4LYQgACBLQxGwusBFIjKwsrN1SEKwEAAwIAA3kAAzUE'),
(2603,877,'photo','AgACAgQAAx0EYyP3GgACTYdmP5MHDzKePDwHzea1cipMnc_zdAAC0rMxG8OTBFLnOgtCBdj-wAEAAwIAA3kAAzUE'),
(2604,879,'photo','AgACAgQAAx0EYyP3GgACTYpmP5MXxUIShGXpsBXiypPVYWHKyAAChbMxG_RNBFJ4dDMdakB42wEAAwIAA3kAAzUE'),
(2605,879,'photo','AgACAgQAAx0EYyP3GgACTYtmP5MXg5n0HmYMxhE99aQbT__aTQACHbQxGzz9_VFCs8lVfeqovgEAAwIAA3kAAzUE'),
(2606,879,'photo','AgACAgQAAx0EYyP3GgACTYxmP5MXY8IltW3JLOg77GVFB7V7OgACm7MxG8dqBFKgJIMQtLxRVwEAAwIAA3kAAzUE'),
(2607,879,'photo','AgACAgQAAx0EYyP3GgACTY1mP5MXVVO3PYnji3Vyp_rVwGswOgACMrQxGzBD_FFDt5JwvLNULgEAAwIAA3kAAzUE'),
(2608,881,'photo','AgACAgQAAx0EYyP3GgACTZBmP5M4gxqSytgBfu1d2QWecqkNvgAClbMxGwzoBVKsBtjepPK6VgEAAwIAA3cAAzUE'),
(2609,881,'photo','AgACAgQAAx0EYyP3GgACTZFmP5M4XkH4OfPG3EO3XyFt6o4dKQACfLQxG2M4_VFrQOLS24MNhgEAAwIAA3cAAzUE'),
(2610,881,'photo','AgACAgQAAx0EYyP3GgACTZJmP5M4kj5UBxdIb_Z2OFmg3ZLmHQACvbMxG2EWBFL1TRPj0GK4JQEAAwIAA3cAAzUE'),
(2611,882,'photo','AgACAgQAAx0EYyP3GgACTZRmP5M-KZ-CBY-HSfN4ZvmQv-zNzAACWbMxG3X8BVLO-58d-fQtigEAAwIAA3kAAzUE'),
(2612,883,'photo','AgACAgQAAx0EYyP3GgACTZZmP5NCtvSVIrWe_EBrtzxgcZLd6gACI7QxG1Qu_FGn0HJ_y3XIiAEAAwIAA3kAAzUE'),
(2613,883,'photo','AgACAgQAAx0EYyP3GgACTZdmP5NCGHa703JxEUZwU5RhE-XDCQACHrQxGwwf_VG7Ehbyw9K0-AEAAwIAA3kAAzUE'),
(2614,884,'photo','AgACAgQAAx0EYyP3GgACTZlmP5NDcBt-Ran3ZEJ0cOfwlTqOyQACb7QxG_XY_FGzlHsI3MnOpQEAAwIAA3cAAzUE'),
(2615,885,'photo','AgACAgQAAx0EYyP3GgACTZtmP5NLbzMIzRAZot7YvA0PcbEkCAACXrMxGyaBBFKvllmsRvucDQEAAwIAA3kAAzUE'),
(2616,885,'photo','AgACAgQAAx0EYyP3GgACTZxmP5NLWpN9RUsGzyrlRXtSgzuFvQAC3LMxG9jwBFLJLdsDgKDJVQEAAwIAA3kAAzUE'),
(2617,885,'photo','AgACAgQAAx0EYyP3GgACTZ1mP5NLns2uPaNyXF4oszvxb4ykVAAC2rMxGxb4BFLsgJGT42pIfQEAAwIAA3kAAzUE'),
(2618,887,'photo','AgACAgQAAx0EYyP3GgACTaBmP5NPzn3nwTR9SrkywfcBiNCLgQACnbMxG8RD_VFu55tbYlZTfQEAAwIAA3kAAzUE'),
(2619,889,'photo','AgACAgQAAx0EYyP3GgACTaNmP5sAActlavM9E05zyqld_mPgQYsAAlS0MRu6s_1RTzu7xZjG4rMBAAMCAAN3AAM1BA'),
(2620,890,'photo','AgACAgQAAx0EYyP3GgACTaVmP5s5_01rSfRy0yQVHD1OSBB20gACBbQxGzXv_FHpiRDrael73AEAAwIAA3kAAzUE'),
(2621,891,'photo','AgACAgQAAx0EYyP3GgACTadmP6ZX_qoy8cQjLiCdR9JpPTY77wACLLQxG2sF_FFrXzyvxqLsDwEAAwIAA3kAAzUE'),
(2622,892,'photo','AgACAgQAAx0EYyP3GgACTalmP6kbyzX7MoWJCEuLPH1dgzNBwwAC3rMxG9CMBFIG59N17wTsOgEAAwIAA3kAAzUE'),
(2623,892,'photo','AgACAgQAAx0EYyP3GgACTapmP6kbRDxgJeYvzsF6ZmORG_noDgAC1bMxG3tNBFJnEUTWAYYJ5gEAAwIAA3kAAzUE'),
(2624,893,'photo','AgACAgQAAx0EYyP3GgACTaxmP6n0Sah--u62UP5J1WAlTNuWPQACerMxG6iMBFKCrL5Z_IpY2gEAAwIAA3kAAzUE'),
(2625,894,'photo','AgACAgQAAx0EYyP3GgACTa5mP68HcgGFsvDgln_fxZcOonX-5gAChbMxG5WkBVI-_uvIKviEHQEAAwIAA3kAAzUE'),
(2626,895,'photo','AgACAgQAAx0EYyP3GgACTbBmP7OSKncqAjvxLEI-3iKlwoAoKwACYrQxG95R_VFz-snACPBYAQEAAwIAA3kAAzUE'),
(2627,896,'photo','AgACAgQAAx0EYyP3GgACTbJmP7bVYLC_Sou6HoXFcI-Q4rsPoAACzLMxG9yNBFLTEinvPe7x_wEAAwIAA3kAAzUE'),
(2628,897,'photo','AgACAgQAAx0EYyP3GgACTbRmP7cpgne6PIBkB85PbSuS5ijvZQAC3bMxGwgAAQRSfZGzlIchYF4BAAMCAAN3AAM1BA'),
(2629,899,'photo','AgACAgQAAx0EYyP3GgACTbdmP8EE8bquMwe4TV5SSHOe5TjqnwACM7QxG2Bh_FEoZkSFAl5ihAEAAwIAA3kAAzUE'),
(2630,900,'photo','AgACAgQAAx0EYyP3GgACTblmP8Uq2H8AAYyqvhLXQCLbZhf9bKQAAhu0MRtOgQRSwrMGgj4hQ4UBAAMCAAN3AAM1BA'),
(2631,900,'photo','AgACAgQAAx0EYyP3GgACTbpmP8Uq5kGiaQcUfzcfg74-EJrQggACZ7QxGwgh_FH2epm8Hi0IAwEAAwIAA3cAAzUE'),
(2632,900,'photo','AgACAgQAAx0EYyP3GgACTbtmP8UqHu_Gukbak7Dyfa8cc1gHLgACdrQxG7ra_VEB50kV-85PsgEAAwIAA3cAAzUE'),
(2633,901,'photo','AgACAgQAAx0EYyP3GgACTb1mP8wvMsD8QeDpJeTld3_26a757gACYbMxGzICBFL9SCdQWShzcQEAAwIAA3cAAzUE'),
(2634,902,'photo','AgACAgQAAx0EYyP3GgACTb9mP9BQpN-YentbMd2RtH60GyUy0AACKLQxG3jOBFLpFCYncikIagEAAwIAA3kAAzUE'),
(2635,903,'photo','AgACAgQAAx0EYyP3GgACTcFmP9NBNv7AVU5-0XwYcJirSVJwEwAChrMxG-VyBFLunfBSlMTcZQEAAwIAA3kAAzUE'),
(2636,903,'photo','AgACAgQAAx0EYyP3GgACTcJmP9NBCOa7sajyRswfviIktk9X7gACq7MxG1SHBVLRD5aS8bB-0gEAAwIAA3kAAzUE'),
(2637,903,'photo','AgACAgQAAx0EYyP3GgACTcNmP9NBFwcCGWYuj8E912GiM1eOWAACYrQxG9pd_VE_t1IAAXl4qi0BAAMCAAN5AAM1BA'),
(2638,903,'photo','AgACAgQAAx0EYyP3GgACTcRmP9NBQw65pM2w57Cb6OP1MTAjnQACRLQxGwM0BVLkgU2Mg5Nv6wEAAwIAA3kAAzUE'),
(2639,903,'photo','AgACAgQAAx0EYyP3GgACTcVmP9NBcb4y3uN43DFSKfd9M4rm1QACDbQxGwGABVKUOo0zq3pN5gEAAwIAA3kAAzUE'),
(2640,904,'photo','AgACAgQAAx0EYyP3GgACTcdmP9ovys0Rm_ChVLoQu3RmgaJQmAACMLQxGwJ9BFL9viG6VvrJwQEAAwIAA3kAAzUE'),
(2641,905,'photo','AgACAgQAAx0EYyP3GgACTclmP9tAUtcMi1rseWJD4ZqhheQsggACtbMxGwnBBVILFcainjfEXwEAAwIAA3cAAzUE'),
(2642,906,'photo','AgACAgQAAx0EYyP3GgACTctmP9xOmxT6CHk_a2f9sS09c40QegACDLQxG69YBFLA01hh4CLn0AEAAwIAA3kAAzUE'),
(2643,907,'photo','AgACAgQAAx0EYyP3GgACTc1mP-FJrT6jqP1_lu1oO4CEaDmyHwAC47MxG-QAAQVSLuqitIoN42oBAAMCAAN5AAM1BA'),
(2644,909,'photo','AgACAgQAAx0EYyP3GgACTdBmQQKg-27sY2_58FEqkl_TrBuuNgACQ7QxG8kGDVJy6tLOWtTEJgEAAwIAA3kAAzUE'),
(2645,911,'photo','AgACAgQAAx0EYyP3GgACTdNmQQKhquUUwQ28ru5GIVVFCriGhQACQrQxGwJ0DVK6WRWUQ9pfWAEAAwIAA3kAAzUE'),
(2646,913,'photo','AgACAgQAAx0EYyP3GgACTdZmQQKmuDVoM99FjKCI91eYN3UKUAACELQxG_uuDVLKi8HVrvwQ9QEAAwIAA3kAAzUE'),
(2647,916,'photo','AgACAgQAAx0EYyP3GgACTdpmQQKt_bTQKcC5onBLm0yUna6sygACfbQxG6YKDVLEROOHzi5w8gEAAwIAA3kAAzUE'),
(2648,918,'photo','AgACAgQAAx0EYyP3GgACTd1mQQKvbFaYN3Xp8l6WX_VSEQrwLQACa7QxG545DFKvq6aQZMphUgEAAwIAA3kAAzUE'),
(2649,919,'photo','AgACAgQAAx0EYyP3GgACTd9mQQKzbk---JJiwNHtFu3_agJ4bQACs7MxG8S0DVJ9LDTxvYR4qwEAAwIAA3kAAzUE'),
(2650,920,'photo','AgACAgQAAx0EYyP3GgACTeFmQQK1C9DGv5pddnQYTpsq9ciK6gACCrQxG_S0DVLBwhCJsG6G0gEAAwIAA3kAAzUE'),
(2651,921,'photo','AgACAgQAAx0EYyP3GgACTeNmQQLcIg9nOjcjvJQ-Aj7KfZGlhgACKLQxG25iDFL-Gj3bBSqr2wEAAwIAA3kAAzUE'),
(2652,922,'photo','AgACAgQAAx0EYyP3GgACTeVmQQLe7aNBCubqWi14fk1rrpUHKwAC_rMxGwhoDVIAATB8wVlHweMBAAMCAAN5AAM1BA'),
(2653,923,'photo','AgACAgQAAx0EYyP3GgACTedmQQLfjz_RoliVqJhA5k4hyn39KgACIbQxG8vmDFLNt-kULvhsVAEAAwIAA3kAAzUE'),
(2654,924,'photo','AgACAgQAAx0EYyP3GgACTelmQQLkEA6etwYEdyTb7GjlRNtCYAACLLQxG9AYDFJMHDNMa9ukrwEAAwIAA3kAAzUE'),
(2655,925,'photo','AgACAgQAAx0EYyP3GgACTetmQQLsgWkK1LaPDusfapdOByha4AACKrQxG8QYDVKof49UZwXVOAEAAwIAA3cAAzUE'),
(2656,925,'photo','AgACAgQAAx0EYyP3GgACTexmQQLsaCRDCfc78IJsnHReGV6xZAACHLQxG3PXDVKf2ImYJoNECgEAAwIAA3cAAzUE'),
(2657,925,'photo','AgACAgQAAx0EYyP3GgACTe1mQQLsIZtRMw3LDRTnGNuMcuTpZwACJbQxG19TDFKEGNlLSpfqsgEAAwIAA3cAAzUE'),
(2658,926,'photo','AgACAgQAAx0EYyP3GgACTe9mQQLzlFxrQIKvTzYQumMUnr05tQACirQxGz7JDVJRQ2_HSFw09wEAAwIAA3cAAzUE'),
(2659,927,'photo','AgACAgQAAx0EYyP3GgACTfFmQQMXrb1HBbjNS8R88VddTt6KVQACCLQxG60YDVLHQ1ec0AABxZoBAAMCAAN5AAM1BA'),
(2660,927,'photo','AgACAgQAAx0EYyP3GgACTfJmQQMXxUyil0hhyOmwOgHd0Y2XiAAClbQxG_ZJDVIgeiUOEZsAAYABAAMCAAN5AAM1BA'),
(2661,927,'photo','AgACAgQAAx0EYyP3GgACTfNmQQMXMwyTGTunzO--jZwypZWH0wACybMxG2D5DVLiP78tbTISFgEAAwIAA3kAAzUE'),
(2662,928,'photo','AgACAgQAAx0EYyP3GgACTfVmQQMZLRWLixmugrXLQSL2WSCIvQACD7QxG5YuDFIBRQ72ng3UbQEAAwIAA3cAAzUE'),
(2663,929,'photo','AgACAgQAAx0EYyP3GgACTfdmQQMjW1-HSLMPpc-urFKJBd4CQAACVLQxG2euDFLCzHsr_N6xbQEAAwIAA3kAAzUE'),
(2664,929,'photo','AgACAgQAAx0EYyP3GgACTfhmQQMjLK6jvRFNAAF-fXMwAAH7I2yjAAIYtDEbuqcNUuBWjKVq_2WrAQADAgADeQADNQQ'),
(2665,929,'photo','AgACAgQAAx0EYyP3GgACTflmQQMjPbewnUEj8xugH-QpNhGANAACAbQxG3mSDVIRL0YGLJuqYgEAAwIAA3kAAzUE'),
(2666,929,'photo','AgACAgQAAx0EYyP3GgACTfpmQQMj1kIcDd5DlU896gYuO0KkaAACU7QxG4uXDFK9KITTVvRIvQEAAwIAA3kAAzUE'),
(2667,929,'photo','AgACAgQAAx0EYyP3GgACTftmQQMjAQK961tLQlSrwF656tYoJgACUrQxG3CeDVLb-i7N1LX3CQEAAwIAA3kAAzUE'),
(2668,931,'photo','AgACAgQAAx0EYyP3GgACTf5mQQMyqwP8DNHCl0ak5AnItD5o9AACPrQxG4zIDVIGFrTb8fiEPgEAAwIAA3kAAzUE'),
(2669,931,'photo','AgACAgQAAx0EYyP3GgACTf9mQQMy1UO1n6lPj-ZXyp4rsusTlwAC6LMxG0gDDFK-CXwa2yBf4wEAAwIAA3kAAzUE'),
(2670,931,'photo','AgACAgQAAx0EYyP3GgACTgABZkEDMiyT3b3uisYyD-zKu0O66pYAAhS0MRuQDgxSOIGP77H35YQBAAMCAAN5AAM1BA'),
(2671,933,'photo','AgACAgQAAx0EYyP3GgACTgNmQQNaCMvj0NjB3In09tUT_jKAQwACL7QxG6B0DFL_oVWW8R100AEAAwIAA3kAAzUE'),
(2672,933,'photo','AgACAgQAAx0EYyP3GgACTgRmQQNaNPMx9d65tVSvcmewQ-nidQACzbMxG9OyDFKwsnvmb7I0YgEAAwIAA3kAAzUE'),
(2673,933,'photo','AgACAgQAAx0EYyP3GgACTgVmQQNaw-79GL0TiebGp2-J46yMpwACqLMxG7GeDVI7MK1wES1LrwEAAwIAA3kAAzUE'),
(2674,933,'photo','AgACAgQAAx0EYyP3GgACTgZmQQNaazB0dleyX_Gp7xpQkiVkLgACSbQxG4dbDFK39XyTjv_PDwEAAwIAA3kAAzUE'),
(2675,933,'photo','AgACAgQAAx0EYyP3GgACTgdmQQNaCqKQ-DW1BzcIMUdGQ6mubgACmbQxG2EQDFKTd094Uh-y2AEAAwIAA3kAAzUE'),
(2676,933,'photo','AgACAgQAAx0EYyP3GgACTghmQQNaLF-Up0Jzp8CC3_TBloqPOQACL7QxGzN2DFK2jp2C9jrjuAEAAwIAA3kAAzUE'),
(2677,933,'photo','AgACAgQAAx0EYyP3GgACTglmQQNamP2FvYpAXDxSXJzFOf1aXQAC8LMxG4G3DVIqfyzItfkg0QEAAwIAA3kAAzUE'),
(2678,933,'photo','AgACAgQAAx0EYyP3GgACTgpmQQNa7TrF-KVM0Uvs6W6TY8izlwACbLQxGwQmDVLGYX-pGmMWugEAAwIAA3kAAzUE'),
(2679,934,'photo','AgACAgQAAx0EYyP3GgACTgxmQQNg02R0-PKWFGrwZaagN0QmTQAChbQxG-gkDVI4VhZury6OuQEAAwIAA3cAAzUE'),
(2680,935,'photo','AgACAgQAAx0EYyP3GgACTg5mQQNoKVMtRVSCiWNUHKWX9oA2ugACqLMxGyQsDVK2HKpbSP9HAwEAAwIAA3kAAzUE'),
(2681,935,'photo','AgACAgQAAx0EYyP3GgACTg9mQQNot0waazWWA-AayFjqB5UbYAACZbQxG4fHDVLK-ruAdDkuNQEAAwIAA3kAAzUE'),
(2682,935,'photo','AgACAgQAAx0EYyP3GgACThBmQQNobZc-Fr-0l5I80jGzNFT_7AACHLQxGzvMDFJXkFC79EYvwQEAAwIAA3kAAzUE'),
(2683,936,'photo','AgACAgQAAx0EYyP3GgACThJmQQNtc6U0hjVtkD7DYAJNAgfCswACO7QxG_76DFLntpsfZIsUqAEAAwIAA3cAAzUE'),
(2684,937,'photo','AgACAgQAAx0EYyP3GgACThRmQQORmdCmwyMs15XGHz74Y6rovgAC8bMxG-WfDVLGqJAJV4YzVgEAAwIAA3kAAzUE'),
(2685,937,'photo','AgACAgQAAx0EYyP3GgACThVmQQORtEBwIkfECaxqJ3Ct42JZ1gACn7QxGyK5DVIVOVW8TxktpAEAAwIAA3kAAzUE'),
(2686,937,'photo','AgACAgQAAx0EYyP3GgACThZmQQORz-Q-GMMOl61fXHXqUNNBfwACgrQxG-v8DVJEZI5uM4oFgQEAAwIAA3kAAzUE'),
(2687,938,'photo','AgACAgQAAx0EYyP3GgACThhmQQOZLhrvYPVlXXfK9_XBdhQW5gACYrQxG0ZIDFJ3pK0dWCGcPgEAAwIAA3cAAzUE'),
(2688,939,'photo','AgACAgQAAx0EYyP3GgACThpmQQOZzKycK0LfWymL8Djzb8spCAACirQxG_mBDVIduA5d4LQtoAEAAwIAA3cAAzUE'),
(2689,940,'photo','AgACAgQAAx0EYyP3GgACThxmQQOeDXCSz0cgSCSg12G2vzbTrQACNLQxG6aKDVKGWzRXBgTFmQEAAwIAA3cAAzUE'),
(2690,941,'photo','AgACAgQAAx0EYyP3GgACTh5mQQTzCVoXNuLUO8VTRzDauDxzVwACy7QxGwjEDFLYMWyNKQMMqQEAAwIAA3kAAzUE'),
(2691,942,'photo','AgACAgQAAx0EYyP3GgACTiBmQQUTVw_OHqbHXK71vB41u2X-OAACZrQxG9tADVKOym_dcGHeRAEAAwIAA3kAAzUE'),
(2692,943,'photo','AgACAgQAAx0EYyP3GgACTiJmQQdunFB8pSRIEeirF-PUDKn2NAACLbQxGyMDDVKWddTp6GyiWQEAAwIAA3kAAzUE'),
(2693,944,'photo','AgACAgQAAx0EYyP3GgACTiRmQQix5vLRm4JwNOtgwmjUEiEhywAC1LMxG3EEDFKp7OWqkaUgCQEAAwIAA3cAAzUE'),
(2694,945,'photo','AgACAgQAAx0EYyP3GgACTiZmQQkEyXo_2IMGJCAQdClEy4_89QACObQxG-w2DFLhZ68BoGuxaQEAAwIAA3kAAzUE'),
(2695,947,'photo','AgACAgQAAx0EYyP3GgACTilmQRB1wphp9xmqfpZh_wABrDO5TMgAAje0MRtY4g1SAQABjV2qZdVbAQADAgADeQADNQQ'),
(2696,948,'photo','AgACAgQAAx0EYyP3GgACTitmQRa8m7tHmo6CvbTAPG37WorahgACb7MxG15vDFKy6h_OAc6a-AEAAwIAA3kAAzUE'),
(2697,949,'photo','AgACAgQAAx0EYyP3GgACTi1mQRbEymhcB6RoV2T6LO68Ic761gACCLQxG0O7DVLZc54rf5kkhAEAAwIAA3kAAzUE'),
(2698,949,'photo','AgACAgQAAx0EYyP3GgACTi5mQRbETqpOufLU9NAwdYAGov7qGgACPrQxG9DwDFI7jdBnYT_11wEAAwIAA3kAAzUE'),
(2699,949,'photo','AgACAgQAAx0EYyP3GgACTi9mQRbESCkcdMhnVj4M-rV-4SBuMQACQrQxG6sHDFIMR4IFH76P3AEAAwIAA3kAAzUE'),
(2700,949,'photo','AgACAgQAAx0EYyP3GgACTjBmQRbEB_UGq6e87g95kwPfpxmbGQACGrQxG32qDVK-RZwsryygtgEAAwIAA3kAAzUE'),
(2701,950,'photo','AgACAgQAAx0EYyP3GgACTjJmQR24FPKpJCdetnHWXTzHf2nLNAAC5rMxG4GGDVLXWMH75Mt_kQEAAwIAA3cAAzUE'),
(2702,951,'photo','AgACAgQAAx0EYyP3GgACTjRmQSTXHCHP0EYN1ViGOG9ZrqERFQACXbQxG1HKDFKsQ0lqUII7LgEAAwIAA3cAAzUE'),
(2703,951,'photo','AgACAgQAAx0EYyP3GgACTjVmQSTXKrCClyHvCLgjLpz9MErEYgAC7bMxG3NgDFLzKErAiX32CgEAAwIAA3cAAzUE'),
(2704,951,'photo','AgACAgQAAx0EYyP3GgACTjZmQSTXoSD3zu0Y76i9a0Yv1x8ByQACG7QxG39rDVIfUm0aNYXsiwEAAwIAA3cAAzUE'),
(2705,951,'photo','AgACAgQAAx0EYyP3GgACTjdmQSTXkQF8JWNgXDdlRAPKXJlefQAC-LMxGytyDVJhS79TxMJC3QEAAwIAA3cAAzUE'),
(2706,951,'photo','AgACAgQAAx0EYyP3GgACTjhmQSTXc-dYgsoyVtma3FZujeO5CQACgbQxG06LDFK6JoaXErdGFAEAAwIAA3cAAzUE'),
(2707,952,'photo','AgACAgQAAx0EYyP3GgACTjpmQSzDmGTOppDEVBSVoSEEbpL3BgACcbQxGyxiDVLWsQU3Qiiv1AEAAwIAA3cAAzUE'),
(2708,953,'photo','AgACAgQAAx0EYyP3GgACTjxmQUVOg7Ld9XPclBGixcHttqbr2AACmbQxG-qlDFJuIJDTw3ED5gEAAwIAA3kAAzUE'),
(2709,954,'photo','AgACAgQAAx0EYyP3GgACTj5mQZnHMJcuirNPNy6S23tTh-MamgACCrQxGz0WFFKtZFQEU1H4WQEAAwIAA3kAAzUE'),
(2710,955,'photo','AgACAgQAAx0EYyP3GgACTkBmQZ9QAbxPmikEfkOSJ1q0Dwz3pgACXLQxGyWlDVIa96P-FnwgDgEAAwIAA3cAAzUE'),
(2711,956,'photo','AgACAgQAAx0EYyP3GgACTkJmQaNXdHR67DwEP5HhcW6dc6-Y7AACWLQxGzniFFLcoCJlHSig4QEAAwIAA3kAAzUE'),
(2712,956,'photo','AgACAgQAAx0EYyP3GgACTkNmQaNXWkjEmDf3LYRCiUjZZGnnCQACK7QxG1FvFFLMZ0lvjXHAdQEAAwIAA3kAAzUE');
/*!40000 ALTER TABLE `attachment` ENABLE KEYS */;
UNLOCK TABLES;

--
-- Table structure for table `group`
--

DROP TABLE IF EXISTS `group`;
/*!40101 SET @saved_cs_client     = @@character_set_client */;
/*!40101 SET character_set_client = utf8 */;
CREATE TABLE `group` (
  `group_id` int(11) NOT NULL AUTO_INCREMENT,
  `group_name` varchar(50) DEFAULT NULL,
  `group_course` tinyint(4) DEFAULT NULL,
  `right_id` int(11) NOT NULL,
  PRIMARY KEY (`group_id`),
  UNIQUE KEY `group_name` (`group_name`,`group_course`),
  KEY `group_right_right_id_fk` (`right_id`),
  CONSTRAINT `group_right_right_id_fk` FOREIGN KEY (`right_id`) REFERENCES `right` (`right_id`)
) ENGINE=InnoDB AUTO_INCREMENT=15 DEFAULT CHARSET=utf8mb4 COLLATE=utf8mb4_general_ci;
/*!40101 SET character_set_client = @saved_cs_client */;

--
-- Dumping data for table `group`
--

LOCK TABLES `group` WRITE;
/*!40000 ALTER TABLE `group` DISABLE KEYS */;
INSERT INTO `group` (`group_id`, `group_name`, `group_course`, `right_id`) VALUES (1,'-20-1',4,2),
(2,' ',NULL,3),
(3,'-121-',1,2),
(4,'',0,2),
(5,'',NULL,1),
(6,'-20-1',4,2),
(7,'-20-1',4,2),
(8,'-20-2',4,2),
(9,'-21-1',3,2),
(10,'-21-1',3,2),
(11,'-21-1',3,2),
(12,'-21-2',3,2),
(13,'-22-1',2,2),
(14,'=23-1',1,2);
/*!40000 ALTER TABLE `group` ENABLE KEYS */;
UNLOCK TABLES;

--
-- Table structure for table `post`
--

DROP TABLE IF EXISTS `post`;
/*!40101 SET @saved_cs_client     = @@character_set_client */;
/*!40101 SET character_set_client = utf8 */;
CREATE TABLE `post` (
  `post_id` int(11) NOT NULL AUTO_INCREMENT,
  `source_id` int(11) NOT NULL,
  `post_link` text DEFAULT NULL,
  `post_text_id` text DEFAULT NULL,
  `post_date` timestamp NULL DEFAULT NULL,
  PRIMARY KEY (`post_id`),
  UNIQUE KEY `post_link` (`post_link`) USING HASH,
  KEY `post_source_source_id_fk` (`source_id`),
  CONSTRAINT `post_source_source_id_fk` FOREIGN KEY (`source_id`) REFERENCES `source` (`source_id`) ON DELETE CASCADE ON UPDATE CASCADE
) ENGINE=InnoDB AUTO_INCREMENT=957 DEFAULT CHARSET=utf8mb4 COLLATE=utf8mb4_general_ci;
/*!40101 SET character_set_client = @saved_cs_client */;

--
-- Dumping data for table `post`
--

LOCK TABLES `post` WRITE;
/*!40000 ALTER TABLE `post` DISABLE KEYS */;
INSERT INTO `post` (`post_id`, `source_id`, `post_link`, `post_text_id`, `post_date`) VALUES (592,6,'https://vk.com/wall-87843964_4287','18248','2024-05-06 11:00:03'),
(593,6,'https://vk.com/wall-87843964_4285','18250','2024-05-06 07:46:40'),
(594,6,'https://vk.com/wall-87843964_4284','18251','2024-05-05 12:00:02'),
(595,7,'https://vk.com/wall-38489_38136','18253','2024-05-06 12:10:00'),
(596,7,'https://vk.com/wall-38489_38134','18254','2024-05-06 11:22:00'),
(597,7,'https://vk.com/wall-38489_38133','18256','2024-05-06 10:52:13'),
(598,7,'https://vk.com/wall-38489_38132','18257','2024-05-06 10:20:00'),
(599,7,'https://vk.com/wall-38489_38130','18267','2024-05-06 08:22:00'),
(600,7,'https://vk.com/wall-38489_38127','18269','2024-05-06 07:21:00'),
(601,7,'https://vk.com/wall-38489_38124','18280','2024-05-06 05:53:48'),
(602,7,'https://vk.com/wall-38489_38122','18281','2024-05-06 04:40:00'),
(603,7,'https://vk.com/wall-38489_38120','18283','2024-05-06 02:43:23'),
(605,3,'https://vk.com/wall-214050221_59','18286','2024-05-07 01:12:01'),
(606,3,'https://vk.com/wall-214050221_60','19170','2024-05-09 14:40:17'),
(607,6,'https://vk.com/wall-87843964_4307','19171','2024-05-09 16:00:02'),
(608,6,'https://vk.com/wall-87843964_4306','19173','2024-05-09 15:00:03'),
(609,6,'https://vk.com/wall-87843964_4304','19175','2024-05-09 09:30:00'),
(610,6,'https://vk.com/wall-87843964_4303','19177','2024-05-09 08:00:02'),
(611,6,'https://vk.com/wall-87843964_4302','19179','2024-05-09 06:30:00'),
(612,6,'https://vk.com/wall-87843964_4301','19181','2024-05-09 05:00:04'),
(613,6,'https://vk.com/wall-87843964_4295','19183','2024-05-08 17:30:00'),
(614,6,'https://vk.com/wall-87843964_4291','19184','2024-05-08 11:00:41'),
(615,6,'https://vk.com/wall-87843964_4289','19186','2024-05-08 10:00:22'),
(616,7,'https://vk.com/wall-38489_38162','19188','2024-05-08 06:00:04'),
(617,7,'https://vk.com/wall-38489_38192','19189','2024-05-10 13:55:00'),
(618,7,'https://vk.com/wall-38489_38189','19191','2024-05-10 05:52:00'),
(619,7,'https://vk.com/wall-38489_38184','19192','2024-05-09 16:01:54'),
(620,7,'https://vk.com/wall-38489_38182','19193','2024-05-09 09:45:00'),
(621,7,'https://vk.com/wall-38489_38179','19195','2024-05-09 08:55:00'),
(622,7,'https://vk.com/wall-38489_38174','19205','2024-05-08 13:32:00'),
(623,7,'https://vk.com/wall-38489_38173','19207','2024-05-08 10:51:00'),
(624,7,'https://vk.com/wall-38489_38172','19213','2024-05-08 10:32:06'),
(625,7,'https://vk.com/wall-38489_38170','19215','2024-05-08 09:58:01'),
(626,7,'https://vk.com/wall-38489_38166','19217','2024-05-08 08:49:00'),
(627,7,'https://vk.com/wall-38489_38164','19219','2024-05-08 08:22:00'),
(628,7,'https://vk.com/wall-38489_38160','19221','2024-05-08 05:32:00'),
(629,7,'https://vk.com/wall-38489_38158','19223','2024-05-08 05:10:00'),
(630,7,'https://vk.com/wall-38489_38152','19225','2024-05-07 14:45:00'),
(631,7,'https://vk.com/wall-38489_38150','19235','2024-05-07 13:49:00'),
(632,7,'https://vk.com/wall-38489_38148','19237','2024-05-07 13:28:00'),
(633,7,'https://vk.com/wall-38489_38146','19238','2024-05-07 11:20:30'),
(634,7,'https://vk.com/wall-38489_38145','19239','2024-05-07 11:10:38'),
(635,7,'https://vk.com/wall-38489_38141','19241','2024-05-07 07:06:00'),
(636,7,'https://vk.com/wall-38489_38140','19243','2024-05-07 06:46:43'),
(650,9,'https://vk.com/wall-113066361_5225729','19285','2024-05-10 14:44:12'),
(651,9,'https://vk.com/wall-113066361_5225722','19286','2024-05-10 14:09:44'),
(652,9,'https://vk.com/wall-113066361_5225710','19288','2024-05-10 13:55:29'),
(653,9,'https://vk.com/wall-113066361_5225658','19289','2024-05-10 12:37:09'),
(654,9,'https://vk.com/wall-113066361_5225618','19291','2024-05-10 10:41:14'),
(655,9,'https://vk.com/wall-113066361_5225584','19293','2024-05-10 09:23:39'),
(656,9,'https://vk.com/wall-113066361_5225559','19295','2024-05-10 08:09:43'),
(657,9,'https://vk.com/wall-113066361_5225452','19297','2024-05-09 20:19:14'),
(658,9,'https://vk.com/wall-113066361_5225424','19299','2024-05-09 19:08:40'),
(659,9,'https://vk.com/wall-113066361_5225417','19300','2024-05-09 19:00:16'),
(660,9,'https://vk.com/wall-113066361_5225382','19302','2024-05-09 17:33:27'),
(661,9,'https://vk.com/wall-113066361_5225346','19304','2024-05-09 16:31:55'),
(662,9,'https://vk.com/wall-113066361_5225335','19306','2024-05-09 16:21:33'),
(663,9,'https://vk.com/wall-113066361_5225300','19307','2024-05-09 16:08:42'),
(664,9,'https://vk.com/wall-113066361_5225258','19309','2024-05-09 15:54:57'),
(665,9,'https://vk.com/wall-113066361_5225211','19311','2024-05-09 15:04:00'),
(666,9,'https://vk.com/wall-113066361_5225200','19313','2024-05-09 14:45:38'),
(667,9,'https://vk.com/wall-113066361_5225192','19314','2024-05-09 14:32:19'),
(668,9,'https://vk.com/wall-113066361_5225183','19315','2024-05-09 14:20:22'),
(669,9,'https://vk.com/wall-113066361_5225179','19317','2024-05-09 14:16:54'),
(670,9,'https://vk.com/wall-113066361_5225143','19318','2024-05-09 12:45:12'),
(671,9,'https://vk.com/wall-113066361_5225120','19320','2024-05-09 11:33:55'),
(672,9,'https://vk.com/wall-113066361_5225082','19324','2024-05-09 10:12:03'),
(673,9,'https://vk.com/wall-113066361_5225073','19326','2024-05-09 09:58:32'),
(674,9,'https://vk.com/wall-113066361_5225028','19334','2024-05-09 08:25:19'),
(675,9,'https://vk.com/wall-113066361_5224999','19336','2024-05-09 07:02:00'),
(676,9,'https://vk.com/wall-113066361_5224922','19338','2024-05-08 23:18:37'),
(677,9,'https://vk.com/wall-113066361_5224841','19340','2024-05-08 21:13:06'),
(678,9,'https://vk.com/wall-113066361_5224814','19342','2024-05-08 21:11:11'),
(679,9,'https://vk.com/wall-113066361_5224811','19344','2024-05-08 21:08:37'),
(680,9,'https://vk.com/wall-113066361_5224791','19345','2024-05-08 20:42:02'),
(681,9,'https://vk.com/wall-113066361_5224744','19347','2024-05-08 20:23:11'),
(682,9,'https://vk.com/wall-113066361_5224715','19348','2024-05-08 20:19:40'),
(683,9,'https://vk.com/wall-113066361_5224704','19350','2024-05-08 20:02:57'),
(684,9,'https://vk.com/wall-113066361_5224669','19352','2024-05-08 19:35:46'),
(685,9,'https://vk.com/wall-113066361_5224653','19353','2024-05-08 19:17:55'),
(686,9,'https://vk.com/wall-113066361_5224613','19354','2024-05-08 19:03:45'),
(687,9,'https://vk.com/wall-113066361_5224605','19356','2024-05-08 19:02:32'),
(688,9,'https://vk.com/wall-113066361_5224583','19358','2024-05-08 18:33:01'),
(689,9,'https://vk.com/wall-113066361_5224580','19359','2024-05-08 18:30:42'),
(690,9,'https://vk.com/wall-113066361_5224574','19360','2024-05-08 18:10:03'),
(691,9,'https://vk.com/wall-113066361_5224568','19362','2024-05-08 17:59:32'),
(692,9,'https://vk.com/wall-113066361_5224551','19364','2024-05-08 17:20:39'),
(693,9,'https://vk.com/wall-113066361_5224525','19366','2024-05-08 16:08:14'),
(694,9,'https://vk.com/wall-113066361_5224509','19368','2024-05-08 15:33:06'),
(695,9,'https://vk.com/wall-113066361_5224475','19370','2024-05-08 13:12:07'),
(696,9,'https://vk.com/wall-113066361_5224450','19372','2024-05-08 11:57:14'),
(697,9,'https://vk.com/wall-113066361_5224422','19374','2024-05-08 11:02:00'),
(698,9,'https://vk.com/wall-113066361_5224402','19376','2024-05-08 10:21:42'),
(699,9,'https://vk.com/wall-113066361_5224355','19378','2024-05-08 08:09:49'),
(700,9,'https://vk.com/wall-113066361_5224275','19380','2024-05-08 00:15:34'),
(701,9,'https://vk.com/wall-113066361_5224264','19382','2024-05-07 23:30:55'),
(702,9,'https://vk.com/wall-113066361_5224249','19383','2024-05-07 22:27:23'),
(703,9,'https://vk.com/wall-113066361_5224165','19385','2024-05-07 20:53:17'),
(704,9,'https://vk.com/wall-113066361_5224164','19387','2024-05-07 20:52:42'),
(705,9,'https://vk.com/wall-113066361_5224162','19388','2024-05-07 20:52:27'),
(706,9,'https://vk.com/wall-113066361_5224139','19390','2024-05-07 20:32:39'),
(707,9,'https://vk.com/wall-113066361_5224133','19392','2024-05-07 20:23:21'),
(708,9,'https://vk.com/wall-113066361_5224113','19393','2024-05-07 20:11:26'),
(709,9,'https://vk.com/wall-113066361_5224112','19395','2024-05-07 20:07:41'),
(710,9,'https://vk.com/wall-113066361_5224079','19397','2024-05-07 19:00:45'),
(711,9,'https://vk.com/wall-113066361_5224062','19399','2024-05-07 18:39:18'),
(712,9,'https://vk.com/wall-113066361_5224041','19400','2024-05-07 18:26:08'),
(713,9,'https://vk.com/wall-113066361_5224035','19402','2024-05-07 18:21:12'),
(714,9,'https://vk.com/wall-113066361_5224022','19403','2024-05-07 18:01:59'),
(715,9,'https://vk.com/wall-113066361_5223991','19405','2024-05-07 17:27:28'),
(716,9,'https://vk.com/wall-113066361_5223932','19407','2024-05-07 16:24:09'),
(717,9,'https://vk.com/wall-113066361_5223912','19409','2024-05-07 16:14:29'),
(718,9,'https://vk.com/wall-113066361_5223879','19410','2024-05-07 15:30:14'),
(719,9,'https://vk.com/wall-113066361_5223819','19412','2024-05-07 11:59:37'),
(720,9,'https://vk.com/wall-113066361_5223775','19414','2024-05-07 09:02:00'),
(721,9,'https://vk.com/wall-113066361_5223735','19416','2024-05-07 08:09:13'),
(722,9,'https://vk.com/wall-113066361_5223704','19418','2024-05-07 07:02:01'),
(723,12,'https://vk.com/wall-222720359_33120','19420','2024-05-10 13:25:41'),
(724,12,'https://vk.com/wall-222720359_33076','19426','2024-05-10 07:31:47'),
(725,12,'https://vk.com/wall-222720359_33010','19428','2024-05-08 17:12:10'),
(726,12,'https://vk.com/wall-222720359_33009','19429','2024-05-08 17:09:44'),
(727,12,'https://vk.com/wall-222720359_32974','19434','2024-05-08 13:25:36'),
(728,12,'https://vk.com/wall-222720359_32946','19435','2024-05-08 12:40:57'),
(729,12,'https://vk.com/wall-222720359_32897','19437','2024-05-08 07:42:47'),
(730,12,'https://vk.com/wall-222720359_32759','19438','2024-05-07 13:15:27'),
(731,12,'https://vk.com/wall-222720359_32758','19446','2024-05-07 13:14:44'),
(732,12,'https://vk.com/wall-222720359_32734','19448','2024-05-07 12:15:54'),
(733,12,'https://vk.com/wall-222720359_32674','19451','2024-05-07 09:08:37'),
(734,13,'https://vk.com/wall-159146575_4931653','19453','2024-05-06 07:21:00'),
(735,13,'https://vk.com/wall-159146575_4935074','19458','2024-05-10 15:21:00'),
(736,13,'https://vk.com/wall-159146575_4935024','19465','2024-05-10 14:21:00'),
(737,13,'https://vk.com/wall-159146575_4934984','19467','2024-05-10 13:21:00'),
(738,13,'https://vk.com/wall-159146575_4934945','19471','2024-05-10 12:21:00'),
(739,13,'https://vk.com/wall-159146575_4934895','19472','2024-05-10 11:21:00'),
(740,13,'https://vk.com/wall-159146575_4934828','19475','2024-05-10 10:21:00'),
(741,13,'https://vk.com/wall-159146575_4934800','19476','2024-05-10 09:21:00'),
(742,13,'https://vk.com/wall-159146575_4934739','19484','2024-05-10 08:21:00'),
(743,13,'https://vk.com/wall-159146575_4934675','19486','2024-05-10 07:21:00'),
(744,13,'https://vk.com/wall-159146575_4934641','19491','2024-05-10 06:21:00'),
(745,13,'https://vk.com/wall-159146575_4934615','19493','2024-05-10 05:21:00'),
(746,13,'https://vk.com/wall-159146575_4934551','19498','2024-05-09 20:55:00'),
(747,13,'https://vk.com/wall-159146575_4934487','19500','2024-05-09 19:51:00'),
(748,13,'https://vk.com/wall-159146575_4934453','19502','2024-05-09 19:21:00'),
(749,13,'https://vk.com/wall-159146575_4934400','19507','2024-05-09 18:51:00'),
(750,13,'https://vk.com/wall-159146575_4934365','19508','2024-05-09 17:51:00'),
(751,13,'https://vk.com/wall-159146575_4934350','19512','2024-05-09 16:51:00'),
(752,13,'https://vk.com/wall-159146575_4934321','19514','2024-05-09 15:51:00'),
(753,13,'https://vk.com/wall-159146575_4934296','19520','2024-05-09 14:51:00'),
(754,13,'https://vk.com/wall-159146575_4934263','19522','2024-05-09 13:51:00'),
(755,13,'https://vk.com/wall-159146575_4934233','19526','2024-05-09 12:51:00'),
(756,13,'https://vk.com/wall-159146575_4934180','19527','2024-05-09 11:51:00'),
(757,13,'https://vk.com/wall-159146575_4934130','19532','2024-05-09 10:51:00'),
(758,13,'https://vk.com/wall-159146575_4934084','19533','2024-05-09 09:51:00'),
(759,13,'https://vk.com/wall-159146575_4934011','19536','2024-05-09 08:51:00'),
(760,13,'https://vk.com/wall-159146575_4933982','19538','2024-05-09 07:51:00'),
(761,13,'https://vk.com/wall-159146575_4933942','19542','2024-05-09 06:51:00'),
(762,13,'https://vk.com/wall-159146575_4933903','19544','2024-05-09 05:53:00'),
(763,13,'https://vk.com/wall-159146575_4933775','19552','2024-05-08 19:51:00'),
(764,13,'https://vk.com/wall-159146575_4933763','19554','2024-05-08 19:21:00'),
(765,13,'https://vk.com/wall-159146575_4933742','19557','2024-05-08 18:51:00'),
(766,13,'https://vk.com/wall-159146575_4933723','19558','2024-05-08 18:21:00'),
(767,13,'https://vk.com/wall-159146575_4933688','19560','2024-05-08 17:21:00'),
(768,13,'https://vk.com/wall-159146575_4933642','19563','2024-05-08 16:21:00'),
(769,13,'https://vk.com/wall-159146575_4933594','19564','2024-05-08 15:21:01'),
(770,13,'https://vk.com/wall-159146575_4933560','19568','2024-05-08 14:21:00'),
(771,13,'https://vk.com/wall-159146575_4933521','19570','2024-05-08 13:21:00'),
(772,13,'https://vk.com/wall-159146575_4933488','19574','2024-05-08 12:21:38'),
(773,13,'https://vk.com/wall-159146575_4933437','19575','2024-05-08 11:21:01'),
(774,13,'https://vk.com/wall-159146575_4933403','19578','2024-05-08 10:21:03'),
(775,13,'https://vk.com/wall-159146575_4933362','19579','2024-05-08 09:21:00'),
(776,13,'https://vk.com/wall-159146575_4933330','19584','2024-05-08 08:21:00'),
(777,13,'https://vk.com/wall-159146575_4933298','19586','2024-05-08 07:21:00'),
(778,13,'https://vk.com/wall-159146575_4933265','19590','2024-05-08 06:21:00'),
(779,13,'https://vk.com/wall-159146575_4933236','19592','2024-05-08 05:21:00'),
(780,13,'https://vk.com/wall-159146575_4933108','19596','2024-05-07 20:55:00'),
(781,13,'https://vk.com/wall-159146575_4933087','19598','2024-05-07 20:21:00'),
(782,13,'https://vk.com/wall-159146575_4933045','19601','2024-05-07 19:51:00'),
(783,13,'https://vk.com/wall-159146575_4933029','19603','2024-05-07 19:21:00'),
(784,13,'https://vk.com/wall-159146575_4933007','19606','2024-05-07 18:51:00'),
(785,13,'https://vk.com/wall-159146575_4932979','19607','2024-05-07 18:21:00'),
(786,13,'https://vk.com/wall-159146575_4932927','19609','2024-05-07 17:21:00'),
(787,13,'https://vk.com/wall-159146575_4932854','19612','2024-05-07 16:21:00'),
(788,13,'https://vk.com/wall-159146575_4932801','19613','2024-05-07 15:21:00'),
(789,13,'https://vk.com/wall-159146575_4932767','19615','2024-05-07 14:21:00'),
(790,13,'https://vk.com/wall-159146575_4932724','19618','2024-05-07 13:21:00'),
(791,13,'https://vk.com/wall-159146575_4932630','19619','2024-05-07 12:21:00'),
(792,13,'https://vk.com/wall-159146575_4932525','19621','2024-05-07 11:21:00'),
(793,13,'https://vk.com/wall-159146575_4932413','19626','2024-05-07 10:21:00'),
(794,13,'https://vk.com/wall-159146575_4932384','19627','2024-05-07 09:21:00'),
(795,13,'https://vk.com/wall-159146575_4932341','19632','2024-05-07 08:21:00'),
(796,13,'https://vk.com/wall-159146575_4932286','19634','2024-05-07 07:21:00'),
(797,13,'https://vk.com/wall-159146575_4932243','19638','2024-05-07 06:21:00'),
(798,13,'https://vk.com/wall-159146575_4932196','19640','2024-05-07 05:21:00'),
(799,13,'https://vk.com/wall-159146575_4932093','19643','2024-05-06 20:55:00'),
(800,13,'https://vk.com/wall-159146575_4932070','19645','2024-05-06 20:21:00'),
(801,13,'https://vk.com/wall-159146575_4932047','19649','2024-05-06 19:51:00'),
(802,13,'https://vk.com/wall-159146575_4932041','19651','2024-05-06 19:21:00'),
(803,13,'https://vk.com/wall-159146575_4932005','19653','2024-05-06 18:01:00'),
(804,13,'https://vk.com/wall-159146575_4931980','19658','2024-05-06 17:01:00'),
(805,13,'https://vk.com/wall-159146575_4931960','19659','2024-05-06 16:01:00'),
(806,13,'https://vk.com/wall-159146575_4931938','19663','2024-05-06 15:00:01'),
(807,13,'https://vk.com/wall-159146575_4931925','19664','2024-05-06 14:45:00'),
(808,13,'https://vk.com/wall-159146575_4931908','19667','2024-05-06 14:21:00'),
(809,13,'https://vk.com/wall-159146575_4931889','19669','2024-05-06 13:21:00'),
(810,13,'https://vk.com/wall-159146575_4931863','19674','2024-05-06 12:21:00'),
(811,13,'https://vk.com/wall-159146575_4931829','19675','2024-05-06 11:21:00'),
(812,13,'https://vk.com/wall-159146575_4931794','19679','2024-05-06 10:21:00'),
(813,13,'https://vk.com/wall-159146575_4931744','19680','2024-05-06 09:21:00'),
(814,13,'https://vk.com/wall-159146575_4931706','19685','2024-05-06 08:21:00'),
(815,13,'https://vk.com/wall-159146575_4931590','19687','2024-05-06 06:21:00'),
(816,13,'https://vk.com/wall-159146575_4931564','19689','2024-05-06 05:21:00'),
(817,13,'https://vk.com/wall-159146575_4931490','19693','2024-05-05 20:55:00'),
(818,13,'https://vk.com/wall-159146575_4931479','19695','2024-05-05 20:31:00'),
(819,13,'https://vk.com/wall-159146575_4931465','19699','2024-05-05 20:01:00'),
(820,13,'https://vk.com/wall-159146575_4931419','19701','2024-05-05 19:31:00'),
(821,13,'https://vk.com/wall-159146575_4931388','19704','2024-05-05 19:01:00'),
(822,13,'https://vk.com/wall-159146575_4931367','19705','2024-05-05 18:31:00'),
(823,13,'https://vk.com/wall-159146575_4931321','19707','2024-05-05 17:31:00'),
(824,13,'https://vk.com/wall-159146575_4931257','19713','2024-05-05 16:31:00'),
(825,13,'https://vk.com/wall-159146575_4931214','19714','2024-05-05 15:31:00'),
(826,13,'https://vk.com/wall-159146575_4931155','19717','2024-05-05 14:31:00'),
(827,13,'https://vk.com/wall-159146575_4931100','19719','2024-05-05 13:31:00'),
(828,13,'https://vk.com/wall-159146575_4931073','19724','2024-05-05 12:31:00'),
(829,13,'https://vk.com/wall-159146575_4931041','19725','2024-05-05 11:31:00'),
(830,13,'https://vk.com/wall-159146575_4930990','19730','2024-05-05 10:31:00'),
(831,13,'https://vk.com/wall-159146575_4930952','19731','2024-05-05 09:31:00'),
(832,13,'https://vk.com/wall-159146575_4930918','19736','2024-05-05 08:31:00'),
(833,13,'https://vk.com/wall-159146575_4930868','19738','2024-05-05 07:31:00'),
(834,14,'https://vk.com/wall-31556903_3983','19741','2024-05-09 07:00:04'),
(835,14,'https://vk.com/wall-31556903_3981','19743','2024-05-08 15:01:47'),
(836,14,'https://vk.com/wall-31556903_3979','19744','2024-05-07 10:30:00'),
(837,13,'https://vk.com/wall-159146575_4935092','19745','2024-05-10 16:21:00'),
(839,13,'https://vk.com/wall-159146575_4935116','19748','2024-05-10 17:21:00'),
(840,9,'https://vk.com/wall-113066361_5225779','19751','2024-05-10 17:31:33'),
(841,9,'https://vk.com/wall-113066361_5225788','19753','2024-05-10 17:49:45'),
(842,9,'https://vk.com/wall-113066361_5225801','19754','2024-05-10 18:05:42'),
(843,13,'https://vk.com/wall-159146575_4935148','19756','2024-05-10 18:21:00'),
(844,9,'https://vk.com/wall-113066361_5225822','19757','2024-05-10 18:23:18'),
(845,13,'https://vk.com/wall-159146575_4935178','19758','2024-05-10 18:51:00'),
(846,9,'https://vk.com/wall-113066361_5225836','19759','2024-05-10 19:07:23'),
(847,9,'https://vk.com/wall-113066361_5225846','19761','2024-05-10 19:16:28'),
(848,9,'https://vk.com/wall-113066361_5225848','19763','2024-05-10 19:16:43'),
(849,13,'https://vk.com/wall-159146575_4935195','19764','2024-05-10 19:21:00'),
(850,9,'https://vk.com/wall-113066361_5225891','19773','2024-05-10 19:36:04'),
(851,13,'https://vk.com/wall-159146575_4935223','19775','2024-05-10 19:51:00'),
(852,9,'https://vk.com/wall-113066361_5225921','19777','2024-05-10 20:01:14'),
(853,13,'https://vk.com/wall-159146575_4935254','19779','2024-05-10 20:21:00'),
(854,22,'https://vk.com/wall-203030186_171968','19782','2024-05-10 09:01:00'),
(856,22,'https://vk.com/wall-203030186_171945','19786','2024-05-07 11:45:00'),
(857,22,'https://vk.com/wall-203030186_171939','19797','2024-05-07 09:01:00'),
(858,22,'https://vk.com/wall-203030186_171923','19799','2024-05-06 09:01:00'),
(859,22,'https://vk.com/wall-203030186_171902','19801','2024-05-05 09:01:00'),
(860,22,'https://vk.com/wall-203030186_171886','19803','2024-05-04 09:01:00'),
(861,22,'https://vk.com/wall-203030186_171876','19805','2024-05-03 09:01:00'),
(862,22,'https://vk.com/wall-203030186_171839','19807','2024-05-01 13:02:00'),
(863,13,'https://vk.com/wall-159146575_4935271','19809','2024-05-10 20:55:00'),
(864,7,'https://vk.com/wall-38489_38195','19811','2024-05-11 14:02:00'),
(865,7,'https://vk.com/wall-38489_38193','19813','2024-05-11 12:42:01'),
(866,9,'https://vk.com/wall-113066361_5226236','19815','2024-05-11 15:03:55'),
(867,9,'https://vk.com/wall-113066361_5226222','19817','2024-05-11 14:58:59'),
(868,9,'https://vk.com/wall-113066361_5226217','19818','2024-05-11 14:53:50'),
(869,9,'https://vk.com/wall-113066361_5226203','19820','2024-05-11 14:15:58'),
(870,9,'https://vk.com/wall-113066361_5226164','19822','2024-05-11 12:06:50'),
(871,9,'https://vk.com/wall-113066361_5226144','19824','2024-05-11 11:10:21'),
(872,9,'https://vk.com/wall-113066361_5226089','19826','2024-05-11 08:20:00'),
(873,9,'https://vk.com/wall-113066361_5226054','19828','2024-05-11 07:02:00'),
(874,12,'https://vk.com/wall-222720359_33205','19830','2024-05-11 06:49:58'),
(875,13,'https://vk.com/wall-159146575_4935678','19832','2024-05-11 15:21:00'),
(876,13,'https://vk.com/wall-159146575_4935644','19836','2024-05-11 14:21:00'),
(877,13,'https://vk.com/wall-159146575_4935601','19838','2024-05-11 13:21:00'),
(878,13,'https://vk.com/wall-159146575_4935564','19848','2024-05-11 12:21:00'),
(879,13,'https://vk.com/wall-159146575_4935538','19849','2024-05-11 11:21:00'),
(880,13,'https://vk.com/wall-159146575_4935504','19854','2024-05-11 10:21:00'),
(881,13,'https://vk.com/wall-159146575_4935470','19855','2024-05-11 09:21:00'),
(882,13,'https://vk.com/wall-159146575_4935444','19859','2024-05-11 08:21:00'),
(883,13,'https://vk.com/wall-159146575_4935407','19861','2024-05-11 07:21:00'),
(884,13,'https://vk.com/wall-159146575_4935381','19864','2024-05-11 06:21:00'),
(885,13,'https://vk.com/wall-159146575_4935357','19866','2024-05-11 05:21:00'),
(886,21,'https://vk.com/wall-24363586_1071888','19870','2024-05-11 06:52:00'),
(887,22,'https://vk.com/wall-203030186_171976','19871','2024-05-11 09:01:00'),
(888,9,'https://vk.com/wall-113066361_5226307','19873','2024-05-11 15:54:40'),
(889,13,'https://vk.com/wall-159146575_4935728','19874','2024-05-11 16:21:00'),
(890,9,'https://vk.com/wall-113066361_5226340','19876','2024-05-11 16:21:53'),
(891,9,'https://vk.com/wall-113066361_5226379','19878','2024-05-11 17:09:14'),
(892,13,'https://vk.com/wall-159146575_4935752','19880','2024-05-11 17:21:00'),
(893,9,'https://vk.com/wall-113066361_5226389','19883','2024-05-11 17:24:47'),
(894,9,'https://vk.com/wall-113066361_5226447','19885','2024-05-11 17:46:03'),
(895,9,'https://vk.com/wall-113066361_5226460','19887','2024-05-11 18:05:27'),
(896,9,'https://vk.com/wall-113066361_5226477','19889','2024-05-11 18:19:43'),
(897,13,'https://vk.com/wall-159146575_4935783','19891','2024-05-11 18:21:00'),
(898,13,'https://vk.com/wall-159146575_4935794','19893','2024-05-11 18:51:00'),
(899,9,'https://vk.com/wall-113066361_5226508','19894','2024-05-11 19:02:54'),
(900,13,'https://vk.com/wall-159146575_4935803','19896','2024-05-11 19:21:00'),
(901,13,'https://vk.com/wall-159146575_4935843','19900','2024-05-11 19:51:00'),
(902,9,'https://vk.com/wall-113066361_5226552','19902','2024-05-11 20:08:10'),
(903,13,'https://vk.com/wall-159146575_4935885','19904','2024-05-11 20:21:00'),
(904,9,'https://vk.com/wall-113066361_5226577','19910','2024-05-11 20:50:19'),
(905,13,'https://vk.com/wall-159146575_4935909','19912','2024-05-11 20:55:00'),
(906,9,'https://vk.com/wall-113066361_5226582','19914','2024-05-11 20:59:38'),
(907,9,'https://vk.com/wall-113066361_5226612','19916','2024-05-11 21:20:37'),
(908,10,'https://vk.com/wall-45940666_2715','19918','2024-05-11 22:03:47'),
(909,7,'https://vk.com/wall-38489_38198','19919','2024-05-12 07:02:00'),
(910,7,'https://vk.com/wall-38489_38197','19921','2024-05-12 05:39:00'),
(911,9,'https://vk.com/wall-113066361_5227037','19922','2024-05-12 17:47:35'),
(912,9,'https://vk.com/wall-113066361_5227024','19924','2024-05-12 17:33:15'),
(913,9,'https://vk.com/wall-113066361_5226981','19925','2024-05-12 16:50:49'),
(914,9,'https://vk.com/wall-113066361_5226966','19927','2024-05-12 16:37:35'),
(915,9,'https://vk.com/wall-113066361_5226954','19928','2024-05-12 16:31:02'),
(916,9,'https://vk.com/wall-113066361_5226924','19929','2024-05-12 15:49:18'),
(917,9,'https://vk.com/wall-113066361_5226911','19931','2024-05-12 15:05:57'),
(918,9,'https://vk.com/wall-113066361_5226910','19932','2024-05-12 15:00:50'),
(919,9,'https://vk.com/wall-113066361_5226882','19934','2024-05-12 13:54:00'),
(920,9,'https://vk.com/wall-113066361_5226849','19936','2024-05-12 13:04:28'),
(921,9,'https://vk.com/wall-113066361_5226821','19938','2024-05-12 12:05:07'),
(922,9,'https://vk.com/wall-113066361_5226792','19940','2024-05-12 11:15:51'),
(923,9,'https://vk.com/wall-113066361_5226738','19942','2024-05-12 09:15:53'),
(924,9,'https://vk.com/wall-113066361_5226725','19944','2024-05-12 08:30:28'),
(925,13,'https://vk.com/wall-159146575_4936501','19946','2024-05-12 17:21:00'),
(926,13,'https://vk.com/wall-159146575_4936451','19950','2024-05-12 16:21:00'),
(927,13,'https://vk.com/wall-159146575_4936417','19952','2024-05-12 15:21:00'),
(928,13,'https://vk.com/wall-159146575_4936374','19956','2024-05-12 14:21:00'),
(929,13,'https://vk.com/wall-159146575_4936349','19958','2024-05-12 13:21:00'),
(930,13,'https://vk.com/wall-159146575_4936319','19964','2024-05-12 12:21:00'),
(931,13,'https://vk.com/wall-159146575_4936277','19965','2024-05-12 11:21:00'),
(932,13,'https://vk.com/wall-159146575_4936227','19969','2024-05-12 10:21:00'),
(933,13,'https://vk.com/wall-159146575_4936192','19970','2024-05-12 09:21:00'),
(934,13,'https://vk.com/wall-159146575_4936149','19979','2024-05-12 08:21:00'),
(935,13,'https://vk.com/wall-159146575_4936099','19981','2024-05-12 07:21:00'),
(936,13,'https://vk.com/wall-159146575_4936051','19985','2024-05-12 06:21:00'),
(937,13,'https://vk.com/wall-159146575_4936013','19987','2024-05-12 05:21:00'),
(938,14,'https://vk.com/wall-31556903_3985','19991','2024-05-12 10:00:03'),
(939,22,'https://vk.com/wall-203030186_171992','19993','2024-05-12 12:43:36'),
(940,22,'https://vk.com/wall-203030186_171989','19995','2024-05-12 09:01:00'),
(941,9,'https://vk.com/wall-113066361_5227110','19997','2024-05-12 18:05:07'),
(942,9,'https://vk.com/wall-113066361_5227111','19999','2024-05-12 18:05:21'),
(943,9,'https://vk.com/wall-113066361_5227134','20001','2024-05-12 18:15:47'),
(944,13,'https://vk.com/wall-159146575_4936540','20003','2024-05-12 18:21:00'),
(945,9,'https://vk.com/wall-113066361_5227144','20005','2024-05-12 18:22:42'),
(946,13,'https://vk.com/wall-159146575_4936586','20007','2024-05-12 18:51:00'),
(947,9,'https://vk.com/wall-113066361_5227177','20008','2024-05-12 18:54:06'),
(948,9,'https://vk.com/wall-113066361_5227203','20010','2024-05-12 19:20:47'),
(949,13,'https://vk.com/wall-159146575_4936605','20012','2024-05-12 19:21:00'),
(950,13,'https://vk.com/wall-159146575_4936616','20017','2024-05-12 19:51:00'),
(951,13,'https://vk.com/wall-159146575_4936633','20019','2024-05-12 20:21:00'),
(952,13,'https://vk.com/wall-159146575_4936651','20025','2024-05-12 20:55:00'),
(953,9,'https://vk.com/wall-113066361_5227265','20027','2024-05-12 22:39:51'),
(954,7,'https://vk.com/wall-38489_38201','20029','2024-05-13 04:40:00'),
(955,7,'https://vk.com/wall-38489_38202','20031','2024-05-13 05:03:32'),
(956,13,'https://vk.com/wall-159146575_4936742','20033','2024-05-13 05:21:00');
/*!40000 ALTER TABLE `post` ENABLE KEYS */;
UNLOCK TABLES;

--
-- Table structure for table `right`
--

DROP TABLE IF EXISTS `right`;
/*!40101 SET @saved_cs_client     = @@character_set_client */;
/*!40101 SET character_set_client = utf8 */;
CREATE TABLE `right` (
  `right_id` int(11) NOT NULL AUTO_INCREMENT,
  `right_name` varchar(50) NOT NULL,
  PRIMARY KEY (`right_id`),
  UNIQUE KEY `rigth_pk2` (`right_name`),
  UNIQUE KEY `right_pk` (`right_name`)
) ENGINE=InnoDB AUTO_INCREMENT=4 DEFAULT CHARSET=utf8mb4 COLLATE=utf8mb4_general_ci;
/*!40101 SET character_set_client = @saved_cs_client */;

--
-- Dumping data for table `right`
--

LOCK TABLES `right` WRITE;
/*!40000 ALTER TABLE `right` DISABLE KEYS */;
INSERT INTO `right` (`right_id`, `right_name`) VALUES (1,'admin'),
(2,'student'),
(3,'teacher');
/*!40000 ALTER TABLE `right` ENABLE KEYS */;
UNLOCK TABLES;

--
-- Table structure for table `source`
--

DROP TABLE IF EXISTS `source`;
/*!40101 SET @saved_cs_client     = @@character_set_client */;
/*!40101 SET character_set_client = utf8 */;
CREATE TABLE `source` (
  `source_id` int(11) NOT NULL AUTO_INCREMENT,
  `source_link` varchar(500) NOT NULL,
  `source_name` varchar(100) DEFAULT NULL,
  `source_needed_id` bigint(20) DEFAULT NULL,
  `source_date_update` timestamp NULL DEFAULT current_timestamp(),
  PRIMARY KEY (`source_id`),
  UNIQUE KEY `source_pk2` (`source_link`)
) ENGINE=InnoDB AUTO_INCREMENT=27 DEFAULT CHARSET=utf8mb4 COLLATE=utf8mb4_general_ci;
/*!40101 SET character_set_client = @saved_cs_client */;

--
-- Dumping data for table `source`
--

LOCK TABLES `source` WRITE;
/*!40000 ALTER TABLE `source` DISABLE KEYS */;
INSERT INTO `source` (`source_id`, `source_link`, `source_name`, `source_needed_id`, `source_date_update`) VALUES (3,'https://vk.com/club214050221',' ',214050221,'2024-05-09 14:40:17'),
(6,'https://vk.com/club87843964','  |   ',87843964,'2024-05-09 16:00:02'),
(7,'https://vk.com/club38489','  | ',38489,'2024-05-13 05:03:32'),
(9,'https://vk.com/club113066361','',113066361,'2024-05-12 22:39:51'),
(10,'https://vk.com/club45940666','galochkalily',45940666,'2024-05-11 22:03:47'),
(11,'https://vk.com/club70226354','WOT Express | ',70226354,'2024-04-29 12:44:00'),
(12,'https://vk.com/club222720359','  Leaks',222720359,'2024-05-11 06:49:58'),
(13,'https://vk.com/club159146575','   ',159146575,'2024-05-13 05:21:00'),
(14,'https://vk.com/club31556903',' 1, .   ',31556903,'2024-05-12 10:00:03'),
(21,'https://vk.com/club24363586','Skrillex',24363586,'2024-05-11 06:52:00'),
(22,'https://vk.com/club203030186','  ',203030186,'2024-05-12 12:43:36');
/*!40000 ALTER TABLE `source` ENABLE KEYS */;
UNLOCK TABLES;

--
-- Table structure for table `user`
--

DROP TABLE IF EXISTS `user`;
/*!40101 SET @saved_cs_client     = @@character_set_client */;
/*!40101 SET character_set_client = utf8 */;
CREATE TABLE `user` (
  `user_id` bigint(20) NOT NULL,
  `user_name` text NOT NULL,
  PRIMARY KEY (`user_id`)
) ENGINE=InnoDB DEFAULT CHARSET=utf8mb4 COLLATE=utf8mb4_general_ci;
/*!40101 SET character_set_client = @saved_cs_client */;

--
-- Dumping data for table `user`
--

LOCK TABLES `user` WRITE;
/*!40000 ALTER TABLE `user` DISABLE KEYS */;
INSERT INTO `user` (`user_id`, `user_name`) VALUES (241798804,'Salaron'),
(400457439,''),
(427221810,'vikasator'),
(528064424,'Mraz28'),
(991681132,''),
(1068724133,'user1011101011111'),
(1176745682,'Echuvasheva'),
(1265509874,'nagi_kirima'),
(5201430531,'');
/*!40000 ALTER TABLE `user` ENABLE KEYS */;
UNLOCK TABLES;

--
-- Table structure for table `user_group`
--

DROP TABLE IF EXISTS `user_group`;
/*!40101 SET @saved_cs_client     = @@character_set_client */;
/*!40101 SET character_set_client = utf8 */;
CREATE TABLE `user_group` (
  `user_group_id` bigint(20) NOT NULL AUTO_INCREMENT,
  `user_id` bigint(20) NOT NULL,
  `group_id` int(11) NOT NULL,
  PRIMARY KEY (`user_group_id`),
  UNIQUE KEY `user_group_pk` (`user_id`,`group_id`),
  KEY `user_group_group_group_id_fk` (`group_id`),
  CONSTRAINT `user_group_group_group_id_fk` FOREIGN KEY (`group_id`) REFERENCES `group` (`group_id`) ON DELETE CASCADE ON UPDATE CASCADE,
  CONSTRAINT `user_group_user_user_id_fk` FOREIGN KEY (`user_id`) REFERENCES `user` (`user_id`) ON DELETE CASCADE ON UPDATE CASCADE
) ENGINE=InnoDB AUTO_INCREMENT=63 DEFAULT CHARSET=utf8mb4 COLLATE=utf8mb4_general_ci;
/*!40101 SET character_set_client = @saved_cs_client */;

--
-- Dumping data for table `user_group`
--

LOCK TABLES `user_group` WRITE;
/*!40000 ALTER TABLE `user_group` DISABLE KEYS */;
INSERT INTO `user_group` (`user_group_id`, `user_id`, `group_id`) VALUES (1,400457439,1),
(39,400457439,2),
(18,400457439,4),
(40,400457439,5),
(24,400457439,6),
(22,400457439,12),
(48,427221810,1),
(49,427221810,4),
(31,528064424,9),
(44,991681132,2),
(36,991681132,6),
(17,1068724133,3),
(28,1068724133,4),
(32,1176745682,4),
(33,1176745682,7),
(50,1265509874,1),
(53,1265509874,2),
(51,1265509874,4),
(52,1265509874,8),
(54,5201430531,9);
/*!40000 ALTER TABLE `user_group` ENABLE KEYS */;
UNLOCK TABLES;

--
-- Table structure for table `user_membership`
--

DROP TABLE IF EXISTS `user_membership`;
/*!40101 SET @saved_cs_client     = @@character_set_client */;
/*!40101 SET character_set_client = utf8 */;
CREATE TABLE `user_membership` (
  `user_membership_id` bigint(20) NOT NULL AUTO_INCREMENT,
  `user_id` bigint(20) NOT NULL,
  `source_id` int(11) NOT NULL,
  PRIMARY KEY (`user_membership_id`),
  UNIQUE KEY `user_membership_pk` (`source_id`,`user_id`),
  KEY `user_membership_user_user_id_fk` (`user_id`),
  CONSTRAINT `user_membership_source_source_id_fk` FOREIGN KEY (`source_id`) REFERENCES `source` (`source_id`) ON DELETE CASCADE ON UPDATE CASCADE,
  CONSTRAINT `user_membership_user_user_id_fk` FOREIGN KEY (`user_id`) REFERENCES `user` (`user_id`) ON DELETE CASCADE ON UPDATE CASCADE
) ENGINE=InnoDB AUTO_INCREMENT=120 DEFAULT CHARSET=utf8mb4 COLLATE=utf8mb4_general_ci;
/*!40101 SET character_set_client = @saved_cs_client */;

--
-- Dumping data for table `user_membership`
--

LOCK TABLES `user_membership` WRITE;
/*!40000 ALTER TABLE `user_membership` DISABLE KEYS */;
INSERT INTO `user_membership` (`user_membership_id`, `user_id`, `source_id`) VALUES (4,400457439,3),
(8,991681132,3),
(26,1068724133,3),
(61,241798804,6),
(117,400457439,6),
(96,427221810,6),
(16,991681132,6),
(28,1068724133,6),
(45,1176745682,6),
(112,5201430531,6),
(62,241798804,7),
(18,400457439,7),
(102,427221810,7),
(19,991681132,7),
(46,1176745682,7),
(113,5201430531,7),
(97,427221810,9),
(30,1068724133,9),
(39,1068724133,10),
(32,1068724133,11),
(103,427221810,12),
(33,1068724133,12),
(63,241798804,13),
(105,427221810,13),
(73,528064424,13),
(64,241798804,14),
(53,1176745682,14),
(114,5201430531,14),
(104,427221810,22),
(93,528064424,22);
/*!40000 ALTER TABLE `user_membership` ENABLE KEYS */;
UNLOCK TABLES;
/*!40103 SET TIME_ZONE=@OLD_TIME_ZONE */;

/*!40101 SET SQL_MODE=@OLD_SQL_MODE */;
/*!40014 SET FOREIGN_KEY_CHECKS=@OLD_FOREIGN_KEY_CHECKS */;
/*!40014 SET UNIQUE_CHECKS=@OLD_UNIQUE_CHECKS */;
/*!40101 SET CHARACTER_SET_CLIENT=@OLD_CHARACTER_SET_CLIENT */;
/*!40101 SET CHARACTER_SET_RESULTS=@OLD_CHARACTER_SET_RESULTS */;
/*!40101 SET COLLATION_CONNECTION=@OLD_COLLATION_CONNECTION */;
/*!40111 SET SQL_NOTES=@OLD_SQL_NOTES */;

-- Dump completed on 2024-05-13  8:57:16
